PLAYER_ID, PLAYER_NAME, TEAM_ID, TEAM_ABBREVIATION, GP, W, L, MIN, TOUCHES, POST_TOUCHES, POST_TOUCH_FGM, POST_TOUCH_FGA, POST_TOUCH_FG_PCT, POST_TOUCH_FTM, POST_TOUCH_FTA, POST_TOUCH_FT_PCT, POST_TOUCH_PTS, POST_TOUCH_PTS_PCT, POST_TOUCH_PASSES, POST_TOUCH_PASSES_PCT, POST_TOUCH_AST, POST_TOUCH_AST_PCT, POST_TOUCH_TOV, POST_TOUCH_TOV_PCT, POST_TOUCH_FOULS_PCT
201985, AJ Price, 1610612739, CLE, 26, 11, 15, 12.4, 30.3, 0.0, 0.0, 0.0, 1.0, 0.0, 0.0, 0.0, 0.1, 3.0, 0.0, 0.0, 0.0, 0.0, 0.0, 0.0, 0.0
201166, Aaron Brooks, 1610612741, CHI, 82, 50, 32, 23.0, 53.4, 0.0, 0.0, 0.0, 0.0, 0.0, 0.0, 0.0, 0.0, 0.0, 0.0, 0.333, 0.0, 0.0, 0.0, 0.333, 0.0
203932, Aaron Gordon, 1610612753, ORL, 47, 14, 33, 17.0, 22.4, 0.2, 0.0, 0.1, 0.333, 0.0, 0.0, 0.0, 0.1, 0.4, 0.0, 0.2, 0.0, 0.1, 0.0, 0.1, 0.0
203940, Adreian Payne, 1610612750, MIN, 32, 7, 25, 23.1, 39.3, 1.9, 0.3, 1.0, 0.323, 0.0, 0.0, 0.0, 0.7, 0.344, 0.6, 0.328, 0.1, 0.066, 0.1, 0.066, 0.016
201143, Al Horford, 1610612737, ATL, 76, 56, 20, 30.5, 58.2, 4.6, 0.9, 2.1, 0.456, 0.1, 0.2, 0.611, 2.1, 0.457, 1.5, 0.327, 0.4, 0.09, 0.3, 0.066, 0.026
2744, Al Jefferson, 1610612766, CHA, 65, 25, 40, 30.6, 39.8, 17.7, 4.3, 9.1, 0.474, 0.8, 1.2, 0.679, 9.6, 0.542, 6.0, 0.336, 1.1, 0.062, 0.6, 0.034, 0.036
202329, Al-Farouq Aminu, 1610612742, DAL, 74, 45, 29, 18.5, 25.6, 0.2, 0.0, 0.1, 0.429, 0.0, 0.0, 0.0, 0.1, 0.462, 0.1, 0.462, 0.0, 0.0, 0.0, 0.0, 0.0
101187, Alan Anderson, 1610612751, BKN, 74, 35, 39, 23.6, 25.4, 0.3, 0.0, 0.1, 0.429, 0.0, 0.0, 0.0, 0.1, 0.273, 0.1, 0.409, 0.0, 0.136, 0.0, 0.045, 0.045
202692, Alec Burks, 1610612762, UTA, 27, 9, 18, 33.3, 64.7, 0.0, 0.0, 0.0, 0.0, 0.0, 0.0, 0.0, 0.0, 0.0, 0.0, 0.0, 0.0, 0.0, 0.0, 0.0, 0.0
203945, Alex Kirk, 1610612739, CLE, 5, 2, 3, 2.8, 3.8, 0.0, 0.0, 0.0, 0.0, 0.0, 0.0, 0.0, 0.0, 0.0, 0.0, 0.0, 0.0, 0.0, 0.0, 0.0, 0.0
203458, Alex Len, 1610612756, PHX, 69, 35, 34, 22.0, 30.9, 1.2, 0.3, 0.6, 0.429, 0.0, 0.1, 0.5, 0.6, 0.464, 0.4, 0.333, 0.0, 0.024, 0.1, 0.083, 0.036
203144, Alexey Shved, 1610612752, NYK, 42, 10, 32, 18.3, 40.8, 0.0, 0.0, 0.0, 0.0, 0.0, 0.0, 0.0, 0.0, 0.0, 0.0, 1.0, 0.0, 0.0, 0.0, 0.0, 0.0
201582, Alexis Ajinca, 1610612740, NOP, 68, 41, 27, 14.1, 20.1, 1.7, 0.6, 0.9, 0.603, 0.2, 0.2, 0.917, 1.3, 0.772, 0.4, 0.219, 0.1, 0.061, 0.1, 0.07, 0.053
203459, Allen Crabbe, 1610612757, POR, 51, 36, 15, 13.4, 15.7, 0.0, 0.0, 0.0, 0.0, 0.0, 0.0, 0.0, 0.0, 0.0, 0.0, 0.0, 0.0, 0.0, 0.0, 0.0, 0.0
202087, Alonzo Gee, 1610612757, POR, 54, 21, 33, 12.2, 14.0, 0.1, 0.0, 0.0, 0.0, 0.1, 0.1, 1.0, 0.1, 0.571, 0.1, 0.429, 0.0, 0.0, 0.0, 0.0, 0.286
2405, Amar'e Stoudemire, 1610612742, DAL, 58, 19, 39, 21.3, 35.3, 7.0, 1.8, 3.4, 0.523, 1.0, 1.3, 0.77, 4.7, 0.67, 1.6, 0.234, 0.3, 0.042, 0.6, 0.089, 0.094
101161, Amir Johnson, 1610612761, TOR, 75, 44, 31, 26.4, 43.1, 1.2, 0.2, 0.4, 0.394, 0.0, 0.1, 0.75, 0.4, 0.319, 0.4, 0.341, 0.1, 0.099, 0.2, 0.154, 0.022
2760, Anderson Varejao, 1610612739, CLE, 26, 16, 10, 24.4, 38.8, 1.3, 0.3, 0.5, 0.583, 0.0, 0.1, 0.5, 0.6, 0.441, 0.5, 0.382, 0.2, 0.118, 0.0, 0.029, 0.029
203958, Andre Dawkins, 1610612748, MIA, 4, 2, 2, 5.4, 5.3, 0.0, 0.0, 0.0, 0.0, 0.0, 0.0, 0.0, 0.0, 0.0, 0.0, 0.0, 0.0, 0.0, 0.0, 0.0, 0.0
203083, Andre Drummond, 1610612765, DET, 82, 32, 50, 30.5, 31.5, 4.9, 1.2, 3.2, 0.385, 0.2, 0.6, 0.37, 2.7, 0.545, 0.7, 0.141, 0.3, 0.052, 0.4, 0.082, 0.057
2738, Andre Iguodala, 1610612744, GSW, 77, 64, 13, 26.9, 44.4, 0.6, 0.1, 0.2, 0.25, 0.0, 0.0, 0.5, 0.1, 0.205, 0.2, 0.341, 0.1, 0.136, 0.0, 0.068, 0.023
1889, Andre Miller, 1610612758, SAC, 81, 44, 37, 15.5, 38.9, 1.0, 0.2, 0.4, 0.5, 0.0, 0.0, 0.75, 0.4, 0.413, 0.4, 0.363, 0.1, 0.088, 0.1, 0.088, 0.025
203460, Andre Roberson, 1610612760, OKC, 67, 41, 26, 19.2, 21.6, 0.1, 0.0, 0.0, 0.0, 0.0, 0.0, 0.0, 0.0, 0.0, 0.0, 0.25, 0.0, 0.0, 0.0, 0.5, 0.0
200745, Andrea Bargnani, 1610612752, NYK, 29, 5, 24, 27.1, 48.1, 5.3, 1.0, 2.3, 0.418, 0.5, 0.8, 0.682, 2.5, 0.471, 1.8, 0.333, 0.2, 0.033, 0.3, 0.059, 0.072
1905, Andrei Kirilenko, 1610612751, BKN, 7, 3, 4, 5.2, 6.1, 0.1, 0.0, 0.0, 0.0, 0.0, 0.0, 0.0, 0.0, 0.0, 0.1, 1.0, 0.0, 0.0, 0.0, 0.0, 0.0
101106, Andrew Bogut, 1610612744, GSW, 67, 58, 9, 23.6, 42.5, 3.0, 0.4, 0.8, 0.453, 0.0, 0.1, 0.5, 0.7, 0.24, 1.5, 0.5, 0.4, 0.147, 0.1, 0.049, 0.02
203094, Andrew Nicholson, 1610612753, ORL, 40, 14, 26, 12.3, 20.5, 1.4, 0.3, 0.8, 0.355, 0.1, 0.2, 0.556, 0.7, 0.509, 0.4, 0.263, 0.1, 0.035, 0.1, 0.053, 0.088
203952, Andrew Wiggins, 1610612750, MIN, 81, 16, 65, 36.3, 43.7, 5.9, 1.2, 2.9, 0.433, 0.9, 1.2, 0.73, 3.5, 0.584, 1.5, 0.252, 0.4, 0.064, 0.4, 0.067, 0.104
203461, Anthony Bennett, 1610612750, MIN, 56, 12, 44, 15.8, 31.2, 0.8, 0.1, 0.5, 0.154, 0.1, 0.2, 0.5, 0.2, 0.283, 0.2, 0.239, 0.0, 0.043, 0.0, 0.043, 0.109
203076, Anthony Davis, 1610612740, NOP, 68, 39, 29, 36.1, 58.4, 5.2, 1.1, 2.7, 0.411, 0.6, 0.7, 0.833, 2.9, 0.551, 1.4, 0.258, 0.3, 0.062, 0.3, 0.048, 0.067
201627, Anthony Morrow, 1610612760, OKC, 74, 42, 32, 24.4, 24.0, 0.1, 0.0, 0.0, 0.5, 0.0, 0.0, 0.0, 0.0, 0.25, 0.1, 0.5, 0.0, 0.0, 0.0, 0.0, 0.0
201229, Anthony Tolliver, 1610612765, DET, 76, 36, 40, 18.9, 29.6, 0.1, 0.1, 0.1, 1.0, 0.0, 0.0, 0.5, 0.1, 0.818, 0.1, 0.455, 0.0, 0.0, 0.0, 0.0, 0.091
203462, Archie Goodwin, 1610612756, PHX, 41, 16, 25, 13.0, 25.8, 0.0, 0.0, 0.0, 0.0, 0.0, 0.0, 0.0, 0.0, 0.0, 0.0, 0.5, 0.0, 0.0, 0.0, 0.0, 0.0
202620, Arinze Onuaku, 1610612750, MIN, 6, 0, 6, 11.4, 11.5, 0.8, 0.5, 0.5, 1.0, 0.0, 0.3, 0.0, 1.0, 1.2, 0.2, 0.2, 0.0, 0.0, 0.0, 0.0, 0.2
203382, Aron Baynes, 1610612759, SAS, 70, 49, 21, 16.0, 20.9, 1.0, 0.2, 0.5, 0.5, 0.1, 0.1, 0.667, 0.5, 0.522, 0.3, 0.304, 0.1, 0.072, 0.1, 0.072, 0.058
201167, Arron Afflalo, 1610612757, POR, 78, 35, 43, 32.1, 37.4, 2.4, 0.5, 1.2, 0.429, 0.4, 0.5, 0.861, 1.4, 0.581, 0.7, 0.304, 0.1, 0.042, 0.2, 0.068, 0.094
201948, Austin Daye, 1610612737, ATL, 34, 17, 17, 10.1, 17.5, 0.1, 0.0, 0.0, 0.0, 0.0, 0.0, 0.0, 0.0, 0.0, 0.0, 0.5, 0.0, 0.0, 0.0, 0.0, 0.0
203085, Austin Rivers, 1610612746, LAC, 76, 46, 30, 20.6, 33.9, 0.0, 0.0, 0.0, 0.0, 0.0, 0.0, 0.0, 0.0, 0.0, 0.0, 1.0, 0.0, 0.0, 0.0, 0.0, 0.0
202340, Avery Bradley, 1610612738, BOS, 77, 37, 40, 31.5, 38.7, 0.0, 0.0, 0.0, 0.0, 0.0, 0.0, 0.0, 0.0, 0.0, 0.0, 0.0, 0.0, 0.0, 0.0, 0.0, 0.0
2732, Ben Gordon, 1610612753, ORL, 56, 17, 39, 14.1, 17.4, 0.0, 0.0, 0.0, 0.0, 0.0, 0.0, 0.0, 0.0, 0.0, 0.0, 0.0, 0.0, 0.0, 0.0, 1.0, 0.0
203463, Ben McLemore, 1610612758, SAC, 82, 29, 53, 32.6, 39.9, 0.0, 0.0, 0.0, 1.0, 0.0, 0.0, 1.0, 0.1, 1.5, 0.0, 0.0, 0.0, 0.25, 0.0, 0.0, 0.25
2757, Beno Udrih, 1610612763, MEM, 79, 55, 24, 18.9, 47.1, 0.1, 0.0, 0.0, 0.5, 0.0, 0.0, 0.0, 0.0, 0.4, 0.0, 0.4, 0.0, 0.0, 0.0, 0.0, 0.0
203108, Bernard James, 1610612742, DAL, 16, 6, 10, 9.9, 9.6, 0.1, 0.0, 0.0, 0.0, 0.0, 0.0, 0.0, 0.0, 0.0, 0.1, 1.0, 0.0, 0.0, 0.0, 0.0, 0.0
202687, Bismack Biyombo, 1610612766, CHA, 64, 26, 38, 19.4, 13.2, 0.4, 0.0, 0.2, 0.2, 0.0, 0.1, 0.5, 0.1, 0.296, 0.1, 0.185, 0.0, 0.037, 0.0, 0.111, 0.074
201933, Blake Griffin, 1610612746, LAC, 67, 47, 20, 35.2, 80.7, 10.6, 1.8, 4.1, 0.44, 0.8, 1.1, 0.747, 4.6, 0.432, 3.9, 0.364, 0.8, 0.073, 0.5, 0.047, 0.056
202711, Bojan Bogdanovic, 1610612751, BKN, 78, 36, 42, 23.8, 24.1, 0.7, 0.1, 0.4, 0.355, 0.0, 0.0, 1.0, 0.3, 0.49, 0.1, 0.216, 0.0, 0.059, 0.1, 0.078, 0.02
2564, Boris Diaw, 1610612759, SAS, 81, 55, 26, 24.5, 53.4, 4.2, 0.8, 1.7, 0.489, 0.1, 0.2, 0.714, 1.8, 0.433, 1.3, 0.312, 0.5, 0.122, 0.3, 0.074, 0.024
203078, Bradley Beal, 1610612764, WAS, 63, 37, 26, 33.5, 55.1, 0.2, 0.1, 0.1, 0.571, 0.0, 0.0, 0.5, 0.2, 0.714, 0.1, 0.286, 0.0, 0.143, 0.0, 0.0, 0.071
201148, Brandan Wright, 1610612756, PHX, 75, 37, 38, 19.3, 23.6, 0.5, 0.1, 0.3, 0.476, 0.0, 0.1, 0.5, 0.3, 0.6, 0.2, 0.3, 0.0, 0.025, 0.0, 0.025, 0.075
101138, Brandon Bass, 1610612738, BOS, 82, 40, 42, 23.5, 36.2, 1.9, 0.4, 0.9, 0.411, 0.2, 0.3, 0.682, 1.0, 0.497, 0.6, 0.312, 0.1, 0.051, 0.2, 0.083, 0.07
203561, Brandon Davies, 1610612755, PHI, 27, 6, 21, 15.7, 31.1, 1.5, 0.2, 0.5, 0.357, 0.2, 0.4, 0.5, 0.6, 0.4, 0.3, 0.2, 0.3, 0.175, 0.1, 0.1, 0.15
201943, Brandon Jennings, 1610612765, DET, 41, 17, 24, 28.6, 74.8, 0.0, 0.0, 0.0, 0.0, 0.0, 0.0, 0.0, 0.0, 0.0, 0.0, 0.0, 0.0, 0.0, 0.0, 0.0, 0.0
202688, Brandon Knight, 1610612756, PHX, 62, 32, 30, 32.3, 73.7, 0.2, 0.0, 0.0, 0.5, 0.0, 0.0, 1.0, 0.1, 0.4, 0.1, 0.5, 0.0, 0.0, 0.0, 0.2, 0.1
201575, Brandon Rush, 1610612744, GSW, 33, 27, 6, 8.2, 10.8, 0.0, 0.0, 0.0, 0.0, 0.0, 0.0, 0.0, 0.0, 0.0, 0.0, 0.0, 0.0, 0.0, 0.0, 0.0, 0.0
2217, Brendan Haywood, 1610612739, CLE, 22, 14, 8, 5.4, 5.9, 1.0, 0.2, 0.5, 0.417, 0.1, 0.1, 1.0, 0.5, 0.571, 0.3, 0.286, 0.0, 0.0, 0.1, 0.095, 0.048
203148, Brian Roberts, 1610612766, CHA, 72, 30, 42, 18.5, 41.8, 0.0, 0.0, 0.0, 0.0, 0.0, 0.0, 0.0, 0.0, 0.0, 0.0, 0.0, 0.0, 0.0, 0.0, 0.0, 0.0
201572, Brook Lopez, 1610612751, BKN, 72, 34, 38, 29.2, 38.6, 5.0, 1.3, 2.9, 0.454, 0.6, 0.7, 0.82, 3.3, 0.653, 1.0, 0.2, 0.1, 0.028, 0.4, 0.075, 0.072
203998, Bruno Caboclo, 1610612761, TOR, 8, 7, 1, 2.9, 4.4, 0.0, 0.0, 0.0, 0.0, 0.0, 0.0, 0.0, 0.0, 0.0, 0.0, 0.0, 0.0, 0.0, 0.0, 0.0, 0.0
203955, Bryce Cotton, 1610612762, UTA, 15, 9, 6, 10.6, 26.1, 0.0, 0.0, 0.0, 0.0, 0.0, 0.0, 0.0, 0.0, 0.0, 0.0, 0.0, 0.0, 0.0, 0.0, 0.0, 0.0
201228, C.J. Watson, 1610612754, IND, 57, 25, 32, 24.9, 58.7, 0.1, 0.0, 0.0, 0.5, 0.0, 0.0, 0.0, 0.0, 0.5, 0.0, 0.5, 0.0, 0.0, 0.0, 0.0, 0.0
203468, CJ McCollum, 1610612757, POR, 62, 37, 25, 15.7, 22.9, 0.0, 0.0, 0.0, 0.0, 0.0, 0.0, 0.0, 0.0, 0.0, 0.0, 0.0, 0.0, 0.0, 0.0, 0.0, 0.0
101139, CJ Miles, 1610612754, IND, 70, 31, 39, 26.3, 35.4, 0.3, 0.1, 0.1, 0.4, 0.0, 0.0, 1.0, 0.1, 0.526, 0.1, 0.316, 0.0, 0.0, 0.0, 0.105, 0.053
203912, CJ Wilcox, 1610612746, LAC, 21, 15, 6, 4.8, 6.1, 0.0, 0.0, 0.0, 0.0, 0.0, 0.0, 0.0, 0.0, 0.0, 0.0, 0.0, 0.0, 0.0, 0.0, 0.0, 0.0
203946, Cameron Bairstow, 1610612741, CHI, 18, 12, 6, 3.5, 4.7, 0.2, 0.0, 0.1, 0.0, 0.0, 0.0, 0.0, 0.0, 0.0, 0.1, 0.667, 0.0, 0.0, 0.0, 0.0, 0.0
201171, Carl Landry, 1610612758, SAC, 70, 26, 44, 17.0, 23.2, 1.9, 0.6, 1.1, 0.544, 0.4, 0.5, 0.75, 1.6, 0.858, 0.3, 0.134, 0.0, 0.022, 0.1, 0.075, 0.142
2430, Carlos Boozer, 1610612747, LAL, 71, 18, 53, 23.8, 42.9, 3.4, 0.9, 2.1, 0.453, 0.2, 0.4, 0.571, 2.1, 0.619, 0.7, 0.193, 0.2, 0.053, 0.2, 0.057, 0.057
2546, Carmelo Anthony, 1610612752, NYK, 39, 10, 29, 35.9, 69.3, 8.5, 2.2, 4.2, 0.509, 1.0, 1.1, 0.864, 5.4, 0.636, 2.2, 0.259, 0.6, 0.066, 0.5, 0.057, 0.066
2406, Caron Butler, 1610612765, DET, 78, 30, 48, 20.8, 30.7, 0.3, 0.1, 0.2, 0.692, 0.0, 0.0, 0.0, 0.2, 0.905, 0.1, 0.333, 0.0, 0.0, 0.0, 0.048, 0.0
201858, Cartier Martin, 1610612765, DET, 23, 7, 16, 8.6, 9.1, 0.0, 0.0, 0.0, 0.0, 0.0, 0.0, 0.0, 0.0, 0.0, 0.0, 0.0, 0.0, 1.0, 0.0, 0.0, 0.0
202718, Chandler Parsons, 1610612742, DAL, 66, 41, 25, 33.1, 56.0, 0.3, 0.0, 0.1, 0.5, 0.0, 0.0, 0.0, 0.1, 0.273, 0.2, 0.545, 0.0, 0.045, 0.0, 0.136, 0.0
101112, Channing Frye, 1610612753, ORL, 75, 23, 52, 24.9, 48.7, 0.7, 0.1, 0.3, 0.423, 0.0, 0.0, 0.0, 0.3, 0.407, 0.2, 0.259, 0.1, 0.093, 0.1, 0.13, 0.0
101111, Charlie Villanueva, 1610612742, DAL, 64, 37, 27, 10.6, 19.7, 0.5, 0.2, 0.3, 0.524, 0.1, 0.1, 0.833, 0.4, 0.818, 0.1, 0.152, 0.0, 0.0, 0.0, 0.091, 0.091
201978, Chase Budinger, 1610612750, MIN, 66, 8, 58, 19.4, 25.7, 0.3, 0.1, 0.1, 0.625, 0.1, 0.1, 1.0, 0.2, 0.636, 0.1, 0.364, 0.0, 0.0, 0.0, 0.136, 0.091
2365, Chris Andersen, 1610612748, MIA, 59, 26, 33, 18.7, 23.3, 0.2, 0.0, 0.0, 0.0, 0.0, 0.0, 0.0, 0.0, 0.0, 0.2, 0.714, 0.0, 0.0, 0.0, 0.071, 0.0
2547, Chris Bosh, 1610612748, MIA, 44, 19, 25, 35.4, 64.7, 5.5, 1.5, 3.1, 0.485, 0.7, 0.9, 0.725, 3.8, 0.688, 1.1, 0.208, 0.2, 0.042, 0.5, 0.088, 0.083
203142, Chris Copeland, 1610612754, IND, 50, 19, 31, 16.6, 22.7, 1.5, 0.2, 0.6, 0.31, 0.1, 0.2, 0.667, 0.5, 0.316, 0.5, 0.303, 0.1, 0.092, 0.2, 0.118, 0.053
201604, Chris Douglas-Roberts, 1610612746, LAC, 12, 5, 7, 8.5, 7.3, 0.1, 0.0, 0.0, 0.0, 0.2, 0.2, 1.0, 0.2, 2.0, 0.0, 0.0, 0.0, 0.0, 0.0, 0.0, 1.0
203187, Chris Johnson, 1610612762, UTA, 29, 9, 20, 18.2, 21.9, 0.1, 0.0, 0.0, 0.0, 0.0, 0.0, 0.0, 0.0, 0.0, 0.1, 1.0, 0.0, 0.0, 0.0, 0.0, 0.0
2549, Chris Kaman, 1610612757, POR, 74, 47, 27, 18.9, 30.6, 2.7, 0.6, 1.4, 0.453, 0.1, 0.2, 0.667, 1.4, 0.522, 0.6, 0.214, 0.1, 0.04, 0.3, 0.119, 0.03
101108, Chris Paul, 1610612746, LAC, 82, 56, 26, 34.8, 93.0, 1.7, 0.3, 0.6, 0.51, 0.1, 0.1, 0.7, 0.7, 0.393, 0.8, 0.457, 0.1, 0.086, 0.1, 0.036, 0.036
101236, Chuck Hayes, 1610612761, TOR, 29, 17, 12, 8.8, 10.5, 0.2, 0.0, 0.1, 0.0, 0.0, 0.0, 0.0, 0.0, 0.0, 0.1, 0.5, 0.0, 0.167, 0.0, 0.0, 0.0
203921, Cleanthony Early, 1610612752, NYK, 39, 6, 33, 16.6, 30.4, 0.2, 0.1, 0.1, 1.0, 0.0, 0.0, 0.0, 0.2, 0.857, 0.1, 0.286, 0.0, 0.0, 0.0, 0.143, 0.143
203991, Clint Capela, 1610612745, HOU, 12, 8, 4, 7.5, 11.5, 0.3, 0.0, 0.2, 0.0, 0.0, 0.0, 0.0, 0.0, 0.0, 0.0, 0.0, 0.0, 0.0, 0.1, 0.333, 0.0
203469, Cody Zeller, 1610612766, CHA, 62, 27, 35, 24.0, 50.6, 0.5, 0.0, 0.1, 0.111, 0.0, 0.0, 0.0, 0.0, 0.061, 0.3, 0.545, 0.0, 0.061, 0.0, 0.091, 0.0
202332, Cole Aldrich, 1610612752, NYK, 60, 11, 49, 16.0, 33.9, 5.2, 0.7, 1.6, 0.398, 0.2, 0.2, 0.833, 1.5, 0.284, 2.5, 0.484, 0.5, 0.1, 0.3, 0.058, 0.019
201147, Corey Brewer, 1610612745, HOU, 79, 42, 37, 26.1, 36.9, 0.2, 0.0, 0.1, 0.429, 0.0, 0.0, 0.5, 0.1, 0.467, 0.1, 0.467, 0.0, 0.0, 0.0, 0.0, 0.067
203928, Cory Jefferson, 1610612751, BKN, 50, 18, 32, 10.6, 17.2, 0.5, 0.1, 0.3, 0.308, 0.1, 0.1, 0.5, 0.2, 0.407, 0.1, 0.222, 0.0, 0.074, 0.0, 0.074, 0.111
202709, Cory Joseph, 1610612759, SAS, 79, 53, 26, 18.3, 41.3, 0.0, 0.0, 0.0, 0.0, 0.0, 0.0, 0.0, 0.0, 0.0, 0.0, 0.0, 0.0, 1.0, 0.0, 0.0, 0.0
201584, Courtney Lee, 1610612763, MEM, 77, 51, 26, 30.6, 40.8, 0.0, 0.0, 0.0, 0.0, 0.0, 0.0, 0.0, 0.0, 0.0, 0.0, 0.333, 0.0, 0.0, 0.0, 0.333, 0.0
201571, D.J. Augustin, 1610612760, OKC, 82, 37, 45, 23.9, 54.5, 0.0, 0.0, 0.0, 0.0, 0.0, 0.0, 0.0, 0.0, 0.0, 0.0, 0.0, 0.0, 0.0, 0.0, 0.0, 0.0
2563, Dahntay Jones, 1610612746, LAC, 33, 23, 10, 3.7, 3.2, 0.0, 0.0, 0.0, 0.0, 0.1, 0.1, 1.0, 0.1, 2.0, 0.0, 0.0, 0.0, 0.0, 0.0, 0.0, 1.0
203081, Damian Lillard, 1610612757, POR, 82, 51, 31, 35.7, 86.4, 0.1, 0.0, 0.1, 0.6, 0.0, 0.0, 0.0, 0.1, 0.5, 0.0, 0.333, 0.0, 0.167, 0.0, 0.0, 0.0
204014, Damjan Rudez, 1610612754, IND, 68, 28, 40, 15.4, 17.9, 0.3, 0.0, 0.0, 0.667, 0.0, 0.0, 1.0, 0.1, 0.261, 0.2, 0.522, 0.1, 0.217, 0.0, 0.087, 0.043
201568, Danilo Gallinari, 1610612743, DEN, 59, 23, 36, 24.2, 34.8, 1.1, 0.2, 0.5, 0.367, 0.3, 0.3, 0.95, 0.7, 0.677, 0.3, 0.274, 0.1, 0.048, 0.0, 0.016, 0.161
101122, Danny Granger, 1610612756, PHX, 29, 10, 19, 20.4, 23.2, 0.8, 0.1, 0.3, 0.375, 0.0, 0.0, 0.0, 0.2, 0.292, 0.4, 0.5, 0.1, 0.083, 0.1, 0.083, 0.0
201980, Danny Green, 1610612759, SAS, 81, 55, 26, 28.5, 47.0, 0.1, 0.0, 0.0, 0.333, 0.0, 0.0, 0.0, 0.0, 0.4, 0.0, 0.4, 0.0, 0.0, 0.0, 0.0, 0.0
201967, Dante Cunningham, 1610612740, NOP, 66, 37, 29, 25.0, 28.1, 0.2, 0.0, 0.0, 1.0, 0.0, 0.0, 0.0, 0.0, 0.167, 0.1, 0.667, 0.0, 0.167, 0.0, 0.0, 0.0
203957, Dante Exum, 1610612762, UTA, 82, 38, 44, 22.2, 44.6, 0.0, 0.0, 0.0, 0.0, 0.0, 0.0, 0.0, 0.0, 0.0, 0.0, 0.0, 0.0, 0.0, 0.0, 0.0, 0.0
203121, Darius Miller, 1610612740, NOP, 5, 1, 4, 8.7, 6.0, 0.0, 0.0, 0.0, 0.0, 0.0, 0.0, 0.0, 0.0, 0.0, 0.0, 0.0, 0.0, 0.0, 0.0, 0.0, 0.0
202721, Darius Morris, 1610612751, BKN, 38, 14, 24, 7.9, 17.5, 0.0, 0.0, 0.0, 0.0, 0.0, 0.0, 0.0, 0.0, 0.0, 0.0, 0.0, 0.0, 0.0, 0.0, 0.0, 0.0
201589, Darrell Arthur, 1610612743, DEN, 58, 22, 36, 17.0, 25.3, 0.7, 0.1, 0.3, 0.353, 0.1, 0.1, 1.0, 0.3, 0.462, 0.3, 0.41, 0.0, 0.026, 0.0, 0.051, 0.077
201954, Darren Collison, 1610612758, SAC, 45, 16, 29, 34.8, 84.2, 0.1, 0.0, 0.0, 0.0, 0.0, 0.0, 0.0, 0.0, 0.0, 0.0, 0.667, 0.0, 0.0, 0.0, 0.333, 0.0
101135, David Lee, 1610612744, GSW, 49, 37, 12, 18.5, 39.6, 3.2, 0.6, 1.4, 0.456, 0.2, 0.2, 1.0, 1.4, 0.449, 1.2, 0.385, 0.2, 0.077, 0.2, 0.051, 0.032
204065, David Stockton, 1610612758, SAC, 3, 1, 2, 11.0, 25.7, 0.0, 0.0, 0.0, 0.0, 0.0, 0.0, 0.0, 0.0, 0.0, 0.0, 0.0, 0.0, 0.0, 0.0, 0.0, 0.0
204033, David Wear, 1610612758, SAC, 2, 0, 2, 3.5, 6.0, 0.0, 0.0, 0.0, 0.0, 0.0, 0.0, 0.0, 0.0, 0.0, 0.0, 0.0, 0.0, 0.0, 0.0, 0.0, 0.0
2561, David West, 1610612754, IND, 66, 32, 34, 28.7, 59.8, 4.3, 0.8, 1.8, 0.425, 0.5, 0.7, 0.682, 2.0, 0.467, 1.4, 0.319, 0.4, 0.095, 0.2, 0.042, 0.077
201599, DeAndre Jordan, 1610612746, LAC, 82, 56, 26, 34.4, 49.1, 0.5, 0.1, 0.3, 0.524, 0.0, 0.1, 0.167, 0.3, 0.545, 0.1, 0.205, 0.0, 0.045, 0.1, 0.114, 0.136
201971, DeJuan Blair, 1610612764, WAS, 29, 15, 14, 6.2, 10.3, 0.6, 0.1, 0.3, 0.222, 0.0, 0.0, 0.0, 0.1, 0.25, 0.2, 0.313, 0.0, 0.0, 0.1, 0.125, 0.0
201942, DeMar DeRozan, 1610612761, TOR, 60, 37, 23, 35.0, 56.6, 2.0, 0.5, 1.1, 0.429, 0.2, 0.2, 0.833, 1.2, 0.585, 0.5, 0.229, 0.2, 0.102, 0.1, 0.051, 0.051
202326, DeMarcus Cousins, 1610612758, SAC, 59, 23, 36, 34.1, 68.8, 12.4, 2.6, 5.6, 0.458, 1.7, 2.1, 0.778, 7.0, 0.56, 3.1, 0.252, 0.9, 0.069, 1.0, 0.082, 0.09
201960, DeMarre Carroll, 1610612737, ATL, 70, 53, 17, 31.3, 49.0, 0.1, 0.0, 0.0, 0.0, 0.0, 0.0, 0.0, 0.0, 0.0, 0.1, 0.667, 0.0, 0.167, 0.0, 0.0, 0.0
203471, Dennis Schroder, 1610612737, ATL, 77, 57, 20, 19.7, 53.3, 0.0, 0.0, 0.0, 0.0, 0.0, 0.0, 0.5, 0.0, 0.333, 0.0, 0.333, 0.0, 0.0, 0.0, 0.0, 0.333
101114, Deron Williams, 1610612751, BKN, 68, 34, 34, 31.1, 74.8, 0.6, 0.1, 0.2, 0.538, 0.1, 0.1, 1.0, 0.3, 0.488, 0.2, 0.39, 0.1, 0.122, 0.0, 0.0, 0.073
202324, Derrick Favors, 1610612762, UTA, 74, 33, 41, 30.8, 66.3, 6.0, 1.2, 3.0, 0.403, 0.7, 1.0, 0.694, 3.1, 0.522, 1.6, 0.265, 0.2, 0.038, 0.5, 0.078, 0.083
201565, Derrick Rose, 1610612741, CHI, 51, 33, 18, 30.0, 76.6, 0.1, 0.0, 0.1, 0.333, 0.0, 0.0, 0.0, 0.0, 0.286, 0.1, 0.429, 0.0, 0.143, 0.0, 0.0, 0.0
202682, Derrick Williams, 1610612758, SAC, 74, 27, 47, 19.8, 26.1, 0.5, 0.0, 0.2, 0.143, 0.1, 0.2, 0.667, 0.2, 0.353, 0.1, 0.206, 0.0, 0.029, 0.1, 0.118, 0.176
2734, Devin Harris, 1610612742, DAL, 76, 45, 31, 22.2, 45.7, 0.0, 0.0, 0.0, 0.0, 0.0, 0.0, 0.0, 0.0, 0.0, 0.0, 1.0, 0.0, 0.0, 0.0, 0.0, 0.0
203906, Devyn Marble, 1610612753, ORL, 16, 3, 13, 13.0, 11.1, 0.0, 0.0, 0.0, 0.0, 0.0, 0.0, 0.0, 0.0, 0.0, 0.0, 0.0, 0.0, 0.0, 0.0, 0.0, 0.0
203473, Dewayne Dedmon, 1610612753, ORL, 59, 17, 42, 14.3, 14.7, 0.5, 0.1, 0.3, 0.167, 0.0, 0.0, 0.0, 0.1, 0.222, 0.1, 0.259, 0.0, 0.037, 0.0, 0.0, 0.0
203079, Dion Waiters, 1610612760, OKC, 79, 46, 33, 27.6, 35.9, 0.4, 0.1, 0.3, 0.4, 0.0, 0.0, 0.5, 0.2, 0.586, 0.1, 0.138, 0.0, 0.034, 0.0, 0.103, 0.034
1717, Dirk Nowitzki, 1610612742, DAL, 77, 47, 30, 29.6, 53.5, 6.2, 1.5, 3.0, 0.483, 0.6, 0.8, 0.833, 3.6, 0.58, 1.8, 0.284, 0.4, 0.071, 0.2, 0.038, 0.065
202388, Donald Sloan, 1610612754, IND, 53, 22, 31, 20.9, 53.0, 0.1, 0.0, 0.0, 0.0, 0.0, 0.0, 0.0, 0.0, 0.0, 0.1, 0.714, 0.0, 0.286, 0.0, 0.0, 0.0
202700, Donatas Motiejunas, 1610612745, HOU, 70, 47, 23, 28.7, 54.0, 5.5, 1.6, 2.9, 0.541, 0.4, 0.5, 0.694, 3.6, 0.652, 1.4, 0.255, 0.2, 0.042, 0.4, 0.073, 0.047
2748, Dorell Wright, 1610612757, POR, 48, 28, 20, 12.3, 18.7, 0.1, 0.0, 0.0, 0.0, 0.0, 0.0, 0.0, 0.0, 0.0, 0.0, 0.25, 0.0, 0.25, 0.0, 0.25, 0.0
203926, Doug McDermott, 1610612741, CHI, 36, 23, 13, 8.9, 10.4, 0.1, 0.0, 0.0, 1.0, 0.0, 0.0, 0.0, 0.1, 0.667, 0.1, 0.667, 0.0, 0.0, 0.0, 0.0, 0.0
203110, Draymond Green, 1610612744, GSW, 79, 64, 15, 31.5, 65.7, 2.4, 0.2, 0.4, 0.387, 0.1, 0.1, 0.8, 0.4, 0.183, 1.4, 0.602, 0.3, 0.113, 0.1, 0.032, 0.032
2400, Drew Gooden, 1610612764, WAS, 51, 31, 20, 16.9, 28.6, 0.5, 0.0, 0.2, 0.0, 0.0, 0.0, 0.5, 0.0, 0.042, 0.3, 0.542, 0.0, 0.042, 0.0, 0.042, 0.042
204079, Drew Gordon, 1610612755, PHI, 9, 0, 9, 7.9, 12.3, 0.7, 0.3, 0.3, 1.0, 0.0, 0.0, 0.0, 0.7, 1.0, 0.2, 0.333, 0.0, 0.0, 0.1, 0.167, 0.0
202779, Dwight Buycks, 1610612747, LAL, 6, 1, 5, 20.5, 39.7, 0.0, 0.0, 0.0, 0.0, 0.0, 0.0, 0.0, 0.0, 0.0, 0.0, 0.0, 0.0, 0.0, 0.0, 0.0, 0.0
2730, Dwight Howard, 1610612745, HOU, 40, 28, 12, 29.7, 52.3, 10.9, 1.8, 4.5, 0.403, 1.2, 2.4, 0.516, 5.0, 0.454, 2.5, 0.229, 0.7, 0.064, 1.3, 0.115, 0.119
203939, Dwight Powell, 1610612742, DAL, 29, 11, 18, 8.2, 13.3, 0.4, 0.1, 0.1, 1.0, 0.1, 0.1, 1.0, 0.2, 0.545, 0.1, 0.364, 0.0, 0.091, 0.0, 0.091, 0.091
2548, Dwyane Wade, 1610612748, MIA, 61, 27, 34, 31.7, 65.2, 4.9, 1.2, 2.5, 0.465, 0.5, 0.8, 0.674, 3.0, 0.601, 1.0, 0.213, 0.3, 0.07, 0.4, 0.076, 0.076
202734, E'Twaun Moore, 1610612741, CHI, 56, 36, 20, 9.0, 11.9, 0.0, 0.0, 0.0, 0.0, 0.0, 0.0, 0.0, 0.0, 0.0, 0.0, 0.0, 0.0, 0.0, 0.0, 0.0, 0.0
2853, Earl Barron, 1610612756, PHX, 16, 5, 11, 8.9, 12.7, 0.3, 0.0, 0.2, 0.0, 0.0, 0.0, 0.0, 0.0, 0.0, 0.1, 0.2, 0.1, 0.2, 0.0, 0.0, 0.0
201947, Earl Clark, 1610612751, BKN, 10, 6, 4, 9.3, 15.7, 0.0, 0.0, 0.0, 0.0, 0.0, 0.0, 0.0, 0.0, 0.0, 0.0, 0.0, 0.0, 0.0, 0.0, 0.0, 0.0
202334, Ed Davis, 1610612747, LAL, 79, 20, 59, 23.3, 35.2, 1.5, 0.3, 0.8, 0.435, 0.1, 0.1, 0.5, 0.7, 0.504, 0.4, 0.282, 0.1, 0.085, 0.1, 0.043, 0.034
202327, Ekpe Udoh, 1610612746, LAC, 33, 24, 9, 3.9, 5.2, 0.6, 0.1, 0.2, 0.25, 0.1, 0.1, 1.0, 0.2, 0.3, 0.2, 0.3, 0.1, 0.1, 0.1, 0.15, 0.05
203901, Elfrid Payton, 1610612753, ORL, 82, 25, 57, 30.3, 67.1, 0.1, 0.0, 0.0, 0.0, 0.0, 0.0, 0.0, 0.0, 0.0, 0.1, 0.857, 0.0, 0.0, 0.0, 0.0, 0.143
202407, Elijah Millsap, 1610612762, UTA, 47, 25, 22, 19.7, 27.7, 0.0, 0.0, 0.0, 0.0, 0.0, 0.0, 0.0, 0.0, 0.0, 0.0, 0.0, 0.0, 0.0, 0.0, 0.0, 0.0
202343, Elliot Williams, 1610612755, PHI, 13, 6, 7, 9.1, 14.2, 0.0, 0.0, 0.0, 0.0, 0.0, 0.0, 0.0, 0.0, 0.0, 0.0, 0.0, 0.0, 0.0, 0.0, 0.0, 0.0
1882, Elton Brand, 1610612737, ATL, 36, 25, 11, 13.5, 21.9, 0.4, 0.0, 0.1, 0.333, 0.0, 0.0, 0.0, 0.1, 0.125, 0.3, 0.563, 0.1, 0.125, 0.0, 0.063, 0.0
202683, Enes Kanter, 1610612760, OKC, 75, 32, 43, 28.5, 56.5, 3.8, 0.9, 1.9, 0.476, 0.2, 0.2, 0.833, 2.1, 0.547, 1.1, 0.277, 0.1, 0.039, 0.4, 0.105, 0.032
202339, Eric Bledsoe, 1610612756, PHX, 81, 39, 42, 34.6, 79.0, 0.4, 0.0, 0.0, 0.5, 0.1, 0.1, 0.833, 0.1, 0.3, 0.2, 0.533, 0.0, 0.133, 0.0, 0.1, 0.1
201569, Eric Gordon, 1610612740, NOP, 61, 35, 26, 33.1, 44.4, 0.2, 0.0, 0.0, 0.0, 0.0, 0.0, 0.0, 0.0, 0.0, 0.1, 0.462, 0.0, 0.231, 0.0, 0.154, 0.0
203961, Eric Moreland, 1610612758, SAC, 3, 0, 3, 0.7, 1.3, 0.0, 0.0, 0.0, 0.0, 0.0, 0.0, 0.0, 0.0, 0.0, 0.0, 0.0, 0.0, 0.0, 0.0, 0.0, 0.0
203475, Erick Green, 1610612743, DEN, 43, 15, 28, 9.5, 18.1, 0.0, 0.0, 0.0, 0.0, 0.0, 0.0, 0.0, 0.0, 0.0, 0.0, 0.0, 0.0, 0.0, 0.0, 0.0, 0.0
101141, Ersan Ilyasova, 1610612749, MIL, 57, 25, 32, 22.9, 36.4, 0.5, 0.1, 0.2, 0.462, 0.1, 0.1, 0.667, 0.3, 0.586, 0.1, 0.172, 0.1, 0.172, 0.0, 0.069, 0.103
203095, Evan Fournier, 1610612753, ORL, 58, 19, 39, 28.6, 38.0, 0.1, 0.0, 0.0, 1.0, 0.0, 0.0, 0.0, 0.0, 0.5, 0.1, 0.75, 0.0, 0.0, 0.0, 0.0, 0.0
202323, Evan Turner, 1610612738, BOS, 82, 40, 42, 27.6, 61.2, 0.6, 0.1, 0.4, 0.379, 0.1, 0.1, 0.833, 0.3, 0.519, 0.1, 0.192, 0.1, 0.096, 0.0, 0.077, 0.058
203105, Festus Ezeli, 1610612744, GSW, 46, 39, 7, 10.9, 16.6, 1.4, 0.3, 0.7, 0.382, 0.1, 0.3, 0.333, 0.7, 0.477, 0.3, 0.185, 0.0, 0.015, 0.2, 0.138, 0.092
101128, Francisco Garcia, 1610612745, HOU, 14, 10, 4, 14.3, 24.2, 0.0, 0.0, 0.0, 0.0, 0.0, 0.0, 0.0, 0.0, 0.0, 0.0, 0.0, 0.0, 0.0, 0.0, 0.0, 0.0
203128, Furkan Aldemir, 1610612755, PHI, 41, 9, 32, 13.2, 20.8, 0.4, 0.0, 0.0, 0.0, 0.0, 0.0, 0.0, 0.0, 0.0, 0.3, 0.778, 0.0, 0.056, 0.0, 0.0, 0.0
203539, Gal Mekel, 1610612742, DAL, 4, 2, 2, 10.9, 27.0, 0.0, 0.0, 0.0, 0.0, 0.0, 0.0, 0.0, 0.0, 0.0, 0.0, 0.0, 0.0, 0.0, 0.0, 0.0, 0.0
202066, Garrett Temple, 1610612764, WAS, 52, 28, 24, 14.1, 19.3, 0.0, 0.0, 0.0, 0.0, 0.0, 0.0, 0.0, 0.0, 0.0, 0.0, 0.0, 0.0, 0.0, 0.0, 0.0, 0.0
203914, Gary Harris, 1610612743, DEN, 55, 18, 37, 13.1, 13.1, 0.0, 0.0, 0.0, 0.0, 0.0, 0.0, 0.0, 0.0, 0.0, 0.0, 0.0, 0.0, 0.0, 0.0, 0.0, 0.0
202390, Gary Neal, 1610612750, MIN, 54, 24, 30, 22.1, 34.8, 0.0, 0.0, 0.0, 0.0, 0.0, 0.0, 0.0, 0.0, 0.0, 0.0, 0.0, 0.0, 0.0, 0.0, 0.0, 0.0
201588, George Hill, 1610612754, IND, 43, 26, 17, 29.5, 72.3, 1.1, 0.3, 0.5, 0.55, 0.0, 0.0, 0.0, 0.5, 0.458, 0.5, 0.438, 0.1, 0.104, 0.0, 0.021, 0.021
101123, Gerald Green, 1610612756, PHX, 74, 34, 40, 19.5, 28.6, 0.6, 0.2, 0.4, 0.5, 0.0, 0.1, 0.75, 0.4, 0.721, 0.1, 0.209, 0.0, 0.0, 0.0, 0.07, 0.047
201945, Gerald Henderson, 1610612766, CHA, 80, 32, 48, 28.9, 42.4, 1.0, 0.2, 0.6, 0.413, 0.1, 0.1, 0.833, 0.5, 0.544, 0.2, 0.241, 0.1, 0.076, 0.0, 0.0, 0.038
2222, Gerald Wallace, 1610612738, BOS, 32, 15, 17, 8.9, 11.3, 0.6, 0.0, 0.1, 0.0, 0.0, 0.0, 0.0, 0.0, 0.0, 0.3, 0.556, 0.0, 0.056, 0.1, 0.167, 0.0
203507, Giannis Antetokounmpo, 1610612749, MIL, 80, 40, 40, 31.3, 50.7, 2.0, 0.3, 0.6, 0.417, 0.1, 0.1, 0.7, 0.6, 0.301, 0.7, 0.353, 0.2, 0.083, 0.2, 0.122, 0.038
203540, Gigi Datome, 1610612738, BOS, 21, 11, 10, 10.0, 13.7, 0.0, 0.0, 0.0, 0.0, 0.0, 0.0, 0.0, 0.0, 0.0, 0.0, 0.0, 0.0, 0.0, 0.0, 0.0, 0.0
201175, Glen Davis, 1610612746, LAC, 74, 52, 22, 12.2, 16.1, 0.9, 0.2, 0.6, 0.366, 0.1, 0.1, 0.5, 0.5, 0.5, 0.2, 0.191, 0.1, 0.088, 0.1, 0.059, 0.059
203318, Glen Rice, 1610612764, WAS, 5, 4, 1, 8.5, 12.4, 0.4, 0.0, 0.2, 0.0, 0.0, 0.0, 0.0, 0.0, 0.0, 0.0, 0.0, 0.0, 0.0, 0.0, 0.0, 0.0
203922, Glenn Robinson III, 1610612755, PHI, 35, 2, 33, 7.5, 8.4, 0.0, 0.0, 0.0, 0.0, 0.0, 0.0, 0.0, 0.0, 0.0, 0.0, 0.0, 0.0, 0.0, 0.0, 0.0, 0.0
201609, Goran Dragic, 1610612748, MIA, 78, 41, 37, 33.8, 69.8, 0.2, 0.0, 0.0, 0.5, 0.0, 0.0, 1.0, 0.1, 0.308, 0.1, 0.462, 0.0, 0.231, 0.0, 0.077, 0.077
202330, Gordon Hayward, 1610612762, UTA, 76, 35, 41, 34.4, 69.3, 0.2, 0.1, 0.1, 0.571, 0.0, 0.0, 0.0, 0.1, 0.667, 0.0, 0.25, 0.0, 0.0, 0.0, 0.167, 0.0
203476, Gorgui Dieng, 1610612750, MIN, 72, 16, 56, 30.3, 37.4, 4.8, 1.0, 2.1, 0.468, 0.5, 0.6, 0.804, 2.5, 0.53, 1.4, 0.296, 0.4, 0.084, 0.4, 0.084, 0.067
203511, Grant Jerrett, 1610612762, UTA, 8, 6, 2, 6.4, 12.9, 0.1, 0.1, 0.1, 1.0, 0.0, 0.0, 0.0, 0.3, 2.0, 0.0, 0.0, 0.0, 0.0, 0.0, 0.0, 0.0
202328, Greg Monroe, 1610612765, DET, 69, 25, 44, 31.0, 51.4, 11.0, 2.2, 5.0, 0.444, 1.3, 1.7, 0.771, 5.9, 0.536, 3.2, 0.286, 0.8, 0.072, 0.8, 0.076, 0.079
202962, Greg Smith, 1610612742, DAL, 42, 27, 15, 8.6, 8.4, 0.1, 0.0, 0.0, 1.0, 0.0, 0.0, 0.0, 0.0, 0.333, 0.1, 0.5, 0.0, 0.167, 0.0, 0.0, 0.167
201880, Greg Stiemsma, 1610612761, TOR, 17, 13, 4, 3.9, 5.1, 0.0, 0.0, 0.0, 0.0, 0.0, 0.0, 0.0, 0.0, 0.0, 0.0, 0.0, 0.0, 0.0, 0.0, 0.0, 0.0
202349, Greivis Vasquez, 1610612761, TOR, 82, 49, 33, 24.3, 56.0, 0.2, 0.0, 0.1, 0.182, 0.0, 0.0, 0.0, 0.0, 0.1, 0.1, 0.4, 0.0, 0.05, 0.0, 0.0, 0.0
203084, Harrison Barnes, 1610612744, GSW, 82, 67, 15, 28.3, 37.7, 1.2, 0.2, 0.5, 0.444, 0.1, 0.1, 0.7, 0.6, 0.505, 0.3, 0.268, 0.1, 0.062, 0.1, 0.093, 0.052
202355, Hassan Whiteside, 1610612748, MIA, 47, 17, 30, 24.1, 31.9, 3.4, 1.1, 2.2, 0.5, 0.1, 0.3, 0.429, 2.4, 0.7, 0.6, 0.175, 0.0, 0.013, 0.3, 0.081, 0.05
2045, Hedo Turkoglu, 1610612746, LAC, 62, 42, 20, 11.4, 15.7, 0.3, 0.1, 0.1, 0.625, 0.0, 0.0, 0.0, 0.2, 0.588, 0.1, 0.294, 0.0, 0.059, 0.0, 0.059, 0.0
203156, Henry Sims, 1610612755, PHI, 73, 14, 59, 19.2, 40.2, 4.0, 0.5, 1.2, 0.419, 0.2, 0.2, 0.786, 1.2, 0.295, 2.1, 0.524, 0.2, 0.058, 0.3, 0.075, 0.024
201611, Henry Walker, 1610612748, MIA, 24, 12, 12, 26.1, 43.3, 0.2, 0.0, 0.0, 1.0, 0.0, 0.0, 0.0, 0.1, 0.6, 0.1, 0.6, 0.0, 0.2, 0.0, 0.0, 0.0
203138, Hollis Thompson, 1610612755, PHI, 71, 13, 58, 25.0, 32.0, 0.1, 0.0, 0.0, 0.667, 0.0, 0.0, 0.0, 0.1, 0.667, 0.0, 0.5, 0.0, 0.0, 0.0, 0.0, 0.0
203546, Ian Clark, 1610612743, DEN, 30, 9, 21, 6.4, 9.1, 0.0, 0.0, 0.0, 0.0, 0.0, 0.0, 0.0, 0.0, 0.0, 0.0, 0.0, 0.0, 0.0, 0.0, 0.0, 0.0
101133, Ian Mahinmi, 1610612754, IND, 61, 28, 33, 18.8, 24.7, 1.2, 0.2, 0.4, 0.5, 0.1, 0.3, 0.235, 0.5, 0.417, 0.4, 0.375, 0.0, 0.028, 0.1, 0.069, 0.125
202697, Iman Shumpert, 1610612739, CLE, 62, 34, 28, 24.9, 39.0, 0.2, 0.0, 0.1, 0.375, 0.0, 0.0, 0.0, 0.1, 0.467, 0.1, 0.333, 0.0, 0.0, 0.0, 0.067, 0.0
203477, Isaiah Canaan, 1610612755, PHI, 46, 23, 23, 19.8, 47.2, 0.0, 0.0, 0.0, 0.0, 0.0, 0.0, 0.0, 0.0, 0.0, 0.0, 0.0, 0.0, 0.0, 0.0, 0.0, 0.0
202738, Isaiah Thomas, 1610612738, BOS, 67, 40, 27, 25.8, 60.4, 0.0, 0.0, 0.0, 0.0, 0.0, 0.0, 0.0, 0.0, 0.0, 0.0, 1.0, 0.0, 0.0, 0.0, 0.0, 0.0
202397, Ish Smith, 1610612755, PHI, 55, 24, 31, 15.1, 38.0, 0.0, 0.0, 0.0, 0.0, 0.0, 0.0, 1.0, 0.0, 2.0, 0.0, 0.0, 0.0, 0.0, 0.0, 0.0, 1.0
200826, J.J. Barea, 1610612742, DAL, 77, 49, 28, 17.7, 42.0, 0.0, 0.0, 0.0, 1.0, 0.0, 0.0, 0.0, 0.0, 0.667, 0.0, 0.333, 0.0, 0.0, 0.0, 0.0, 0.0
201581, JJ Hickson, 1610612743, DEN, 73, 26, 47, 19.3, 29.5, 1.9, 0.3, 1.0, 0.267, 0.2, 0.3, 0.545, 0.7, 0.384, 0.5, 0.275, 0.1, 0.029, 0.1, 0.043, 0.08
200755, JJ Redick, 1610612746, LAC, 78, 55, 23, 30.9, 38.9, 0.0, 0.0, 0.0, 0.0, 0.0, 0.0, 0.0, 0.0, 0.0, 0.0, 0.667, 0.0, 0.0, 0.0, 0.0, 0.0
2747, JR Smith, 1610612739, CLE, 70, 38, 32, 29.7, 45.5, 0.2, 0.0, 0.1, 0.167, 0.0, 0.0, 0.0, 0.0, 0.125, 0.1, 0.375, 0.0, 0.063, 0.0, 0.063, 0.0
203960, JaKarr Sampson, 1610612755, PHI, 74, 17, 57, 15.3, 22.8, 0.2, 0.0, 0.1, 0.25, 0.0, 0.0, 0.0, 0.0, 0.143, 0.1, 0.357, 0.0, 0.143, 0.0, 0.071, 0.071
203210, JaMychal Green, 1610612763, MEM, 24, 10, 14, 6.8, 9.1, 0.5, 0.2, 0.3, 0.833, 0.0, 0.0, 0.0, 0.4, 0.909, 0.1, 0.182, 0.0, 0.0, 0.1, 0.182, 0.0
201580, JaVale McGee, 1610612743, DEN, 23, 8, 15, 11.1, 14.2, 1.3, 0.2, 0.8, 0.278, 0.1, 0.1, 1.0, 0.5, 0.414, 0.2, 0.172, 0.0, 0.0, 0.2, 0.138, 0.034
203913, Jabari Brown, 1610612747, LAL, 19, 4, 15, 29.9, 37.3, 0.1, 0.0, 0.0, 0.0, 0.0, 0.1, 0.0, 0.0, 0.0, 0.0, 0.0, 0.0, 0.0, 0.0, 0.0, 1.0
203953, Jabari Parker, 1610612749, MIL, 25, 13, 12, 29.5, 41.3, 2.2, 0.4, 1.0, 0.4, 0.3, 0.4, 0.7, 1.1, 0.482, 0.6, 0.268, 0.1, 0.036, 0.2, 0.107, 0.089
204022, Jack Cooley, 1610612762, UTA, 16, 10, 6, 5.4, 8.2, 0.3, 0.0, 0.1, 0.0, 0.0, 0.1, 0.0, 0.0, 0.0, 0.2, 0.6, 0.0, 0.0, 0.0, 0.0, 0.2
203109, Jae Crowder, 1610612738, BOS, 82, 47, 35, 20.1, 31.3, 0.3, 0.1, 0.1, 0.455, 0.1, 0.1, 0.833, 0.2, 0.625, 0.1, 0.25, 0.0, 0.167, 0.0, 0.0, 0.125
203479, Jamaal Franklin, 1610612743, DEN, 3, 1, 2, 4.4, 9.3, 0.3, 0.0, 0.0, 0.0, 0.0, 0.0, 0.0, 0.0, 0.0, 0.3, 1.0, 0.0, 0.0, 0.0, 0.0, 0.0
2037, Jamal Crawford, 1610612746, LAC, 64, 44, 20, 26.6, 41.5, 0.2, 0.0, 0.0, 0.333, 0.0, 0.0, 1.0, 0.1, 0.364, 0.1, 0.455, 0.0, 0.0, 0.0, 0.182, 0.091
2749, Jameer Nelson, 1610612743, DEN, 63, 25, 38, 22.3, 49.8, 0.0, 0.0, 0.0, 0.0, 0.0, 0.0, 0.0, 0.0, 0.0, 0.0, 0.667, 0.0, 0.0, 0.0, 0.0, 0.0
203516, James Ennis III, 1610612748, MIA, 62, 27, 35, 17.0, 17.8, 0.1, 0.0, 0.0, 0.0, 0.0, 0.0, 1.0, 0.0, 0.4, 0.0, 0.4, 0.0, 0.0, 0.0, 0.0, 0.2
201935, James Harden, 1610612745, HOU, 80, 55, 25, 36.8, 77.0, 2.2, 0.3, 0.8, 0.383, 0.1, 0.1, 0.818, 0.8, 0.343, 1.1, 0.478, 0.2, 0.084, 0.1, 0.051, 0.028
201949, James Johnson, 1610612761, TOR, 70, 40, 30, 19.6, 24.0, 1.1, 0.3, 0.4, 0.621, 0.1, 0.2, 0.75, 0.7, 0.622, 0.3, 0.284, 0.1, 0.095, 0.1, 0.122, 0.081
2592, James Jones, 1610612739, CLE, 56, 35, 21, 11.9, 17.1, 0.1, 0.0, 0.0, 0.0, 0.0, 0.0, 0.0, 0.0, 0.0, 0.0, 0.333, 0.0, 0.0, 0.0, 0.0, 0.0
203949, James Michael McAdoo, 1610612744, GSW, 15, 11, 4, 9.1, 18.4, 0.5, 0.1, 0.3, 0.25, 0.2, 0.3, 0.75, 0.3, 0.625, 0.1, 0.125, 0.0, 0.0, 0.1, 0.125, 0.25
203923, James Young, 1610612738, BOS, 31, 14, 17, 10.7, 13.1, 0.0, 0.0, 0.0, 0.0, 0.1, 0.1, 1.0, 0.1, 2.0, 0.0, 0.0, 0.0, 0.0, 0.0, 0.0, 1.0
2457, Jannero Pargo, 1610612766, CHA, 9, 2, 7, 8.1, 12.9, 0.0, 0.0, 0.0, 0.0, 0.0, 0.0, 0.0, 0.0, 0.0, 0.0, 0.0, 0.0, 0.0, 0.0, 0.0, 0.0
203099, Jared Cunningham, 1610612746, LAC, 19, 12, 7, 4.7, 8.1, 0.0, 0.0, 0.0, 0.0, 0.0, 0.0, 0.0, 0.0, 0.0, 0.0, 0.0, 0.0, 0.0, 0.0, 0.0, 0.0
201162, Jared Dudley, 1610612749, MIL, 71, 38, 33, 23.9, 39.9, 0.7, 0.1, 0.1, 0.5, 0.1, 0.1, 1.0, 0.2, 0.235, 0.5, 0.667, 0.1, 0.078, 0.0, 0.02, 0.039
203096, Jared Sullinger, 1610612738, BOS, 58, 26, 32, 27.0, 54.4, 4.2, 0.9, 2.2, 0.419, 0.3, 0.4, 0.72, 2.2, 0.523, 1.1, 0.251, 0.4, 0.086, 0.2, 0.049, 0.053
203950, Jarnell Stokes, 1610612763, MEM, 19, 12, 7, 6.6, 9.5, 0.9, 0.2, 0.4, 0.429, 0.1, 0.1, 1.0, 0.4, 0.471, 0.4, 0.412, 0.1, 0.059, 0.1, 0.059, 0.059
101127, Jarrett Jack, 1610612751, BKN, 80, 36, 44, 28.0, 61.4, 0.1, 0.0, 0.0, 0.667, 0.0, 0.0, 0.0, 0.1, 0.364, 0.1, 0.636, 0.0, 0.091, 0.0, 0.0, 0.0
101131, Jason Maxiell, 1610612766, CHA, 61, 22, 39, 14.4, 14.9, 0.8, 0.1, 0.4, 0.308, 0.1, 0.1, 0.833, 0.3, 0.438, 0.2, 0.25, 0.0, 0.063, 0.0, 0.063, 0.063
2202, Jason Richardson, 1610612755, PHI, 19, 4, 15, 21.9, 32.8, 0.3, 0.1, 0.2, 0.25, 0.0, 0.0, 0.0, 0.1, 0.4, 0.1, 0.2, 0.0, 0.0, 0.0, 0.0, 0.0
201160, Jason Smith, 1610612752, NYK, 81, 17, 64, 21.9, 41.3, 3.4, 0.5, 1.0, 0.458, 0.3, 0.3, 0.875, 1.2, 0.359, 1.6, 0.469, 0.3, 0.088, 0.2, 0.066, 0.044
1891, Jason Terry, 1610612745, HOU, 76, 52, 24, 21.3, 37.4, 0.0, 0.0, 0.0, 0.0, 0.0, 0.0, 0.0, 0.0, 0.0, 0.0, 0.0, 0.0, 0.0, 0.0, 0.0, 0.0
201574, Jason Thompson, 1610612758, SAC, 81, 29, 52, 24.6, 33.9, 1.6, 0.4, 0.8, 0.426, 0.1, 0.2, 0.538, 0.8, 0.508, 0.4, 0.277, 0.0, 0.031, 0.1, 0.077, 0.062
202399, Jeff Adrien, 1610612745, HOU, 17, 1, 16, 12.7, 17.9, 1.4, 0.2, 0.5, 0.333, 0.3, 0.4, 0.833, 0.6, 0.458, 0.5, 0.375, 0.2, 0.125, 0.0, 0.0, 0.125
201965, Jeff Ayres, 1610612759, SAS, 51, 33, 18, 7.5, 12.4, 0.5, 0.1, 0.1, 0.714, 0.0, 0.0, 0.0, 0.2, 0.357, 0.3, 0.5, 0.0, 0.071, 0.1, 0.179, 0.0
201145, Jeff Green, 1610612763, MEM, 78, 41, 37, 31.5, 47.2, 2.8, 0.8, 1.5, 0.508, 0.2, 0.4, 0.679, 1.8, 0.649, 0.7, 0.248, 0.2, 0.054, 0.2, 0.054, 0.063
201952, Jeff Teague, 1610612737, ATL, 73, 53, 20, 30.5, 75.3, 0.2, 0.0, 0.0, 1.0, 0.0, 0.0, 0.0, 0.1, 0.286, 0.1, 0.643, 0.0, 0.071, 0.0, 0.143, 0.0
203481, Jeff Withey, 1610612740, NOP, 37, 17, 20, 7.0, 10.2, 0.2, 0.0, 0.1, 0.333, 0.0, 0.0, 0.0, 0.1, 0.25, 0.1, 0.5, 0.0, 0.0, 0.0, 0.0, 0.125
203106, Jeffery Taylor, 1610612766, CHA, 29, 11, 18, 14.8, 14.8, 0.0, 0.0, 0.0, 0.0, 0.0, 0.0, 0.0, 0.0, 0.0, 0.0, 0.0, 0.0, 0.0, 0.0, 0.0, 0.0
203924, Jerami Grant, 1610612755, PHI, 65, 18, 47, 21.2, 36.3, 0.9, 0.1, 0.2, 0.385, 0.1, 0.2, 0.8, 0.3, 0.322, 0.4, 0.424, 0.1, 0.102, 0.1, 0.068, 0.102
202077, Jerel McNeal, 1610612756, PHX, 6, 1, 5, 6.1, 14.7, 0.0, 0.0, 0.0, 0.0, 0.0, 0.0, 0.0, 0.0, 0.0, 0.0, 0.0, 0.0, 0.0, 0.0, 0.0, 0.0
202379, Jeremy Evans, 1610612762, UTA, 38, 19, 19, 7.0, 11.7, 0.2, 0.0, 0.1, 0.0, 0.0, 0.0, 0.0, 0.0, 0.0, 0.1, 0.5, 0.0, 0.125, 0.0, 0.0, 0.0
203087, Jeremy Lamb, 1610612760, OKC, 47, 27, 20, 13.5, 18.3, 0.0, 0.0, 0.0, 1.0, 0.0, 0.0, 0.0, 0.0, 1.0, 0.0, 0.5, 0.0, 0.0, 0.0, 0.0, 0.0
202391, Jeremy Lin, 1610612747, LAL, 74, 19, 55, 25.8, 53.8, 0.2, 0.0, 0.0, 0.0, 0.0, 0.0, 0.0, 0.0, 0.0, 0.1, 0.714, 0.0, 0.143, 0.0, 0.071, 0.0
202366, Jerome Jordan, 1610612751, BKN, 44, 17, 27, 8.7, 9.5, 0.3, 0.1, 0.2, 0.375, 0.0, 0.0, 1.0, 0.2, 0.615, 0.0, 0.154, 0.0, 0.0, 0.0, 0.077, 0.077
203968, Jerrelle Benimon, 1610612743, DEN, 2, 2, 0, 1.4, 2.0, 0.0, 0.0, 0.0, 0.0, 0.0, 0.0, 0.0, 0.0, 0.0, 0.0, 0.0, 0.0, 0.0, 0.0, 0.0, 0.0
201573, Jerryd Bayless, 1610612749, MIL, 76, 38, 38, 22.4, 45.9, 0.1, 0.0, 0.0, 0.667, 0.0, 0.0, 0.0, 0.1, 0.444, 0.0, 0.333, 0.0, 0.222, 0.0, 0.111, 0.0
202690, Jimmer Fredette, 1610612740, NOP, 50, 27, 23, 10.2, 15.3, 0.0, 0.0, 0.0, 0.0, 0.0, 0.0, 0.0, 0.0, 0.0, 0.0, 0.0, 0.0, 0.0, 0.0, 0.0, 0.0
202710, Jimmy Butler, 1610612741, CHI, 65, 40, 25, 38.7, 57.0, 3.0, 0.6, 1.2, 0.474, 0.3, 0.4, 0.708, 1.4, 0.465, 1.0, 0.328, 0.4, 0.121, 0.2, 0.051, 0.061
201149, Joakim Noah, 1610612741, CHI, 67, 39, 28, 30.6, 68.2, 1.0, 0.1, 0.2, 0.286, 0.0, 0.1, 0.75, 0.2, 0.157, 0.6, 0.543, 0.1, 0.129, 0.0, 0.043, 0.029
201975, Jodie Meeks, 1610612765, DET, 60, 29, 31, 24.4, 26.9, 0.1, 0.0, 0.0, 1.0, 0.0, 0.0, 0.0, 0.1, 1.333, 0.0, 0.333, 0.0, 0.0, 0.0, 0.0, 0.0
203925, Joe Harris, 1610612739, CLE, 51, 32, 19, 9.7, 12.0, 0.1, 0.0, 0.0, 1.0, 0.0, 0.0, 0.0, 0.0, 0.667, 0.0, 0.333, 0.0, 0.0, 0.0, 0.0, 0.0
204060, Joe Ingles, 1610612762, UTA, 79, 36, 43, 21.2, 35.3, 0.0, 0.0, 0.0, 1.0, 0.0, 0.0, 0.0, 0.0, 0.667, 0.0, 0.667, 0.0, 0.0, 0.0, 0.0, 0.0
2207, Joe Johnson, 1610612751, BKN, 80, 38, 42, 34.9, 53.8, 4.3, 0.9, 1.8, 0.5, 0.2, 0.2, 0.833, 1.9, 0.449, 1.8, 0.414, 0.3, 0.072, 0.2, 0.038, 0.026
201202, Joel Anthony, 1610612765, DET, 49, 25, 24, 8.3, 5.7, 0.3, 0.0, 0.1, 0.0, 0.0, 0.0, 0.0, 0.0, 0.0, 0.1, 0.467, 0.0, 0.067, 0.0, 0.0, 0.0
200777, Joel Freeland, 1610612757, POR, 48, 34, 14, 12.8, 15.1, 0.7, 0.2, 0.3, 0.571, 0.0, 0.0, 0.0, 0.3, 0.5, 0.3, 0.406, 0.0, 0.031, 0.1, 0.125, 0.0
201595, Joey Dorsey, 1610612745, HOU, 68, 47, 21, 12.5, 16.7, 0.4, 0.1, 0.2, 0.385, 0.0, 0.1, 0.333, 0.2, 0.448, 0.1, 0.276, 0.0, 0.0, 0.1, 0.138, 0.103
203530, Joffrey Lauvergne, 1610612743, DEN, 24, 9, 15, 11.2, 16.6, 0.7, 0.2, 0.3, 0.833, 0.0, 0.0, 0.0, 0.4, 0.588, 0.3, 0.353, 0.2, 0.235, 0.0, 0.059, 0.0
203089, John Henson, 1610612749, MIL, 66, 34, 32, 18.3, 23.8, 1.8, 0.3, 0.7, 0.5, 0.2, 0.2, 0.714, 0.8, 0.458, 0.6, 0.314, 0.2, 0.11, 0.2, 0.102, 0.068
203098, John Jenkins, 1610612737, ATL, 24, 13, 11, 12.4, 17.1, 0.0, 0.0, 0.0, 0.0, 0.0, 0.0, 0.0, 0.0, 0.0, 0.0, 0.0, 0.0, 0.0, 0.0, 0.0, 0.0
101249, John Lucas III, 1610612765, DET, 21, 8, 13, 12.9, 32.9, 0.0, 0.0, 0.0, 0.0, 0.0, 0.0, 0.0, 0.0, 0.0, 0.0, 0.0, 0.0, 0.0, 0.0, 0.0, 0.0
2422, John Salmons, 1610612740, NOP, 21, 9, 12, 12.8, 13.1, 0.2, 0.0, 0.0, 0.0, 0.0, 0.0, 0.0, 0.0, 0.0, 0.1, 0.6, 0.0, 0.2, 0.0, 0.0, 0.0
202322, John Wall, 1610612764, WAS, 79, 45, 34, 35.9, 95.6, 0.1, 0.0, 0.0, 0.0, 0.0, 0.0, 0.0, 0.0, 0.0, 0.1, 0.5, 0.0, 0.0, 0.0, 0.125, 0.0
203948, Johnny O'Bryant III, 1610612749, MIL, 33, 16, 17, 10.8, 14.9, 0.7, 0.1, 0.4, 0.231, 0.0, 0.0, 0.0, 0.2, 0.25, 0.3, 0.375, 0.0, 0.0, 0.1, 0.083, 0.0
202720, Jon Leuer, 1610612763, MEM, 63, 45, 18, 13.1, 22.1, 0.4, 0.1, 0.3, 0.313, 0.0, 0.1, 0.5, 0.2, 0.429, 0.1, 0.214, 0.0, 0.036, 0.0, 0.071, 0.071
201973, Jonas Jerebko, 1610612738, BOS, 75, 37, 38, 16.4, 28.1, 0.1, 0.0, 0.0, 0.0, 0.0, 0.1, 0.75, 0.0, 0.333, 0.1, 0.444, 0.0, 0.0, 0.0, 0.0, 0.222
202685, Jonas Valanciunas, 1610612761, TOR, 80, 47, 33, 26.2, 36.6, 4.9, 1.3, 2.8, 0.471, 0.7, 0.9, 0.829, 3.4, 0.686, 1.0, 0.192, 0.2, 0.035, 0.3, 0.068, 0.091
203919, Jordan Adams, 1610612763, MEM, 30, 14, 16, 8.3, 10.3, 0.0, 0.0, 0.0, 0.0, 0.0, 0.0, 0.0, 0.0, 0.0, 0.0, 0.0, 0.0, 0.0, 0.0, 0.0, 0.0
203903, Jordan Clarkson, 1610612747, LAL, 59, 11, 48, 25.0, 52.1, 0.1, 0.0, 0.0, 1.0, 0.0, 0.0, 0.0, 0.0, 0.667, 0.0, 0.667, 0.0, 0.0, 0.0, 0.0, 0.0
200770, Jordan Farmar, 1610612746, LAC, 36, 23, 13, 14.7, 31.3, 0.0, 0.0, 0.0, 0.0, 0.0, 0.0, 0.0, 0.0, 0.0, 0.0, 0.0, 0.0, 0.0, 0.0, 0.0, 0.0
202706, Jordan Hamilton, 1610612746, LAC, 14, 10, 4, 8.7, 9.5, 0.1, 0.0, 0.1, 0.0, 0.0, 0.0, 0.0, 0.0, 0.0, 0.0, 0.0, 0.0, 0.0, 0.0, 0.0, 0.0
201941, Jordan Hill, 1610612747, LAL, 70, 19, 51, 26.8, 47.2, 3.9, 0.9, 2.0, 0.436, 0.2, 0.4, 0.615, 2.0, 0.522, 1.0, 0.263, 0.2, 0.056, 0.4, 0.096, 0.048
203268, Jorge Gutierrez, 1610612749, MIL, 20, 10, 10, 8.7, 16.9, 0.0, 0.0, 0.0, 0.0, 0.0, 0.0, 0.0, 0.0, 0.0, 0.0, 0.0, 0.0, 0.0, 0.0, 0.0, 0.0
101181, Jose Calderon, 1610612752, NYK, 41, 7, 34, 30.1, 73.7, 0.1, 0.0, 0.0, 0.0, 0.0, 0.0, 0.0, 0.0, 0.0, 0.1, 1.0, 0.0, 0.0, 0.0, 0.0, 0.0
201177, Josh McRoberts, 1610612748, MIA, 17, 8, 9, 17.4, 32.9, 0.6, 0.1, 0.1, 1.0, 0.1, 0.1, 1.0, 0.4, 0.545, 0.4, 0.545, 0.0, 0.0, 0.1, 0.091, 0.182
2746, Josh Smith, 1610612745, HOU, 83, 41, 42, 27.7, 50.5, 3.4, 0.6, 1.3, 0.42, 0.3, 0.5, 0.511, 1.4, 0.417, 1.2, 0.339, 0.3, 0.102, 0.2, 0.057, 0.081
201950, Jrue Holiday, 1610612740, NOP, 40, 20, 20, 32.6, 73.3, 0.4, 0.1, 0.3, 0.364, 0.0, 0.0, 0.0, 0.2, 0.471, 0.1, 0.235, 0.0, 0.059, 0.0, 0.0, 0.0
203944, Julius Randle, 1610612747, LAL, 1, 0, 1, 13.6, 18.0, 0.0, 0.0, 0.0, 0.0, 0.0, 0.0, 0.0, 0.0, 0.0, 0.0, 0.0, 0.0, 0.0, 0.0, 0.0, 0.0
203120, Justin Hamilton, 1610612750, MIN, 41, 6, 35, 17.4, 24.8, 0.7, 0.1, 0.3, 0.455, 0.0, 0.0, 1.0, 0.3, 0.429, 0.2, 0.321, 0.0, 0.071, 0.1, 0.143, 0.036
203200, Justin Holiday, 1610612744, GSW, 59, 49, 10, 11.1, 15.3, 0.0, 0.0, 0.0, 1.0, 0.0, 0.0, 0.0, 0.0, 1.0, 0.0, 0.5, 0.0, 0.0, 0.0, 0.0, 0.0
203994, Jusuf Nurkic, 1610612743, DEN, 62, 21, 41, 17.8, 29.4, 3.0, 0.5, 1.5, 0.356, 0.2, 0.3, 0.65, 1.3, 0.418, 1.0, 0.312, 0.1, 0.037, 0.3, 0.09, 0.053
203909, KJ McDaniels, 1610612745, HOU, 62, 19, 43, 21.8, 26.8, 0.1, 0.0, 0.1, 0.286, 0.0, 0.0, 0.0, 0.1, 0.625, 0.0, 0.125, 0.0, 0.0, 0.0, 0.0, 0.0
203564, Kalin Lucas, 1610612763, MEM, 1, 0, 1, 5.5, 11.0, 0.0, 0.0, 0.0, 0.0, 0.0, 0.0, 0.0, 0.0, 0.0, 0.0, 0.0, 0.0, 0.0, 0.0, 0.0, 0.0
202695, Kawhi Leonard, 1610612759, SAS, 64, 46, 18, 31.8, 49.7, 3.9, 1.0, 1.9, 0.504, 0.4, 0.5, 0.794, 2.4, 0.618, 1.0, 0.251, 0.3, 0.084, 0.2, 0.056, 0.068
203482, Kelly Olynyk, 1610612738, BOS, 64, 31, 33, 22.2, 45.3, 0.7, 0.1, 0.3, 0.412, 0.0, 0.1, 0.75, 0.3, 0.386, 0.2, 0.295, 0.0, 0.068, 0.1, 0.182, 0.045
202689, Kemba Walker, 1610612766, CHA, 62, 21, 41, 34.2, 89.6, 0.0, 0.0, 0.0, 0.0, 0.0, 0.0, 1.0, 0.0, 2.0, 0.0, 0.0, 0.0, 0.0, 0.0, 0.0, 1.0
203088, Kendall Marshall, 1610612749, MIL, 27, 12, 15, 15.3, 31.5, 0.7, 0.1, 0.2, 0.5, 0.0, 0.1, 0.5, 0.3, 0.389, 0.3, 0.444, 0.1, 0.111, 0.0, 0.0, 0.056
2570, Kendrick Perkins, 1610612739, CLE, 68, 38, 30, 16.9, 25.7, 1.6, 0.3, 0.7, 0.42, 0.1, 0.1, 0.7, 0.8, 0.464, 0.4, 0.236, 0.1, 0.055, 0.2, 0.145, 0.064
202702, Kenneth Faried, 1610612743, DEN, 75, 30, 45, 27.8, 41.0, 2.8, 0.6, 1.6, 0.368, 0.3, 0.5, 0.639, 1.5, 0.531, 0.7, 0.23, 0.1, 0.023, 0.2, 0.056, 0.085
203145, Kent Bazemore, 1610612737, ATL, 75, 53, 22, 17.6, 25.0, 0.0, 0.0, 0.0, 0.0, 0.0, 0.0, 0.0, 0.0, 0.0, 0.0, 0.667, 0.0, 0.333, 0.0, 0.0, 0.0
203484, Kentavious Caldwell-Pope, 1610612765, DET, 82, 32, 50, 31.5, 38.0, 0.1, 0.0, 0.0, 0.0, 0.0, 0.0, 0.5, 0.0, 0.167, 0.0, 0.5, 0.0, 0.0, 0.0, 0.0, 0.167
2030, Kenyon Martin, 1610612749, MIL, 10, 6, 4, 10.2, 10.9, 0.3, 0.1, 0.1, 1.0, 0.0, 0.0, 0.0, 0.2, 0.667, 0.1, 0.333, 0.1, 0.333, 0.0, 0.0, 0.0
201142, Kevin Durant, 1610612760, OKC, 27, 18, 9, 33.8, 59.0, 2.8, 0.8, 1.4, 0.538, 0.2, 0.2, 0.833, 1.8, 0.64, 0.7, 0.267, 0.2, 0.08, 0.2, 0.08, 0.04
708, Kevin Garnett, 1610612750, MIN, 47, 20, 27, 20.3, 42.8, 2.1, 0.4, 1.1, 0.358, 0.3, 0.3, 0.857, 1.1, 0.515, 0.5, 0.232, 0.2, 0.101, 0.1, 0.03, 0.071
201567, Kevin Love, 1610612739, CLE, 74, 50, 24, 33.7, 63.7, 5.5, 1.4, 3.1, 0.433, 1.0, 1.1, 0.857, 3.8, 0.686, 1.0, 0.177, 0.2, 0.029, 0.3, 0.054, 0.106
2755, Kevin Martin, 1610612750, MIN, 38, 11, 27, 33.7, 47.1, 1.0, 0.2, 0.6, 0.375, 0.2, 0.2, 1.0, 0.6, 0.615, 0.3, 0.256, 0.0, 0.0, 0.0, 0.026, 0.077
202338, Kevin Seraphin, 1610612764, WAS, 79, 45, 34, 15.6, 25.6, 4.9, 1.2, 2.6, 0.475, 0.2, 0.2, 0.75, 2.6, 0.527, 1.4, 0.29, 0.3, 0.069, 0.4, 0.075, 0.021
203114, Khris Middleton, 1610612749, MIL, 78, 39, 39, 30.1, 44.2, 1.6, 0.4, 0.7, 0.509, 0.1, 0.2, 0.833, 0.9, 0.54, 0.6, 0.365, 0.1, 0.063, 0.1, 0.04, 0.048
2550, Kirk Hinrich, 1610612741, CHI, 66, 37, 29, 24.4, 40.5, 0.0, 0.0, 0.0, 0.0, 0.0, 0.0, 0.0, 0.0, 0.0, 0.0, 1.0, 0.0, 0.0, 0.0, 0.0, 0.0
202691, Klay Thompson, 1610612744, GSW, 77, 64, 13, 31.9, 45.8, 1.0, 0.2, 0.5, 0.39, 0.1, 0.1, 0.9, 0.5, 0.52, 0.2, 0.16, 0.1, 0.08, 0.1, 0.093, 0.067
977, Kobe Bryant, 1610612747, LAL, 35, 10, 25, 34.5, 67.0, 5.5, 1.0, 2.5, 0.402, 0.4, 0.5, 0.765, 2.4, 0.445, 1.6, 0.288, 0.5, 0.094, 0.4, 0.068, 0.047
201585, Kosta Koufos, 1610612763, MEM, 81, 55, 26, 16.6, 24.4, 1.3, 0.2, 0.6, 0.327, 0.1, 0.1, 0.7, 0.5, 0.358, 0.5, 0.358, 0.0, 0.037, 0.1, 0.073, 0.046
203123, Kostas Papanikolaou, 1610612745, HOU, 42, 28, 14, 18.4, 31.5, 0.2, 0.0, 0.1, 0.667, 0.0, 0.0, 0.0, 0.1, 0.571, 0.0, 0.286, 0.0, 0.143, 0.0, 0.143, 0.0
2743, Kris Humphries, 1610612764, WAS, 64, 37, 27, 21.0, 38.1, 0.7, 0.1, 0.3, 0.412, 0.1, 0.1, 0.875, 0.3, 0.478, 0.2, 0.304, 0.0, 0.065, 0.0, 0.065, 0.087
203937, Kyle Anderson, 1610612759, SAS, 33, 22, 11, 10.9, 18.7, 0.2, 0.1, 0.1, 0.75, 0.0, 0.0, 0.0, 0.2, 0.857, 0.0, 0.0, 0.0, 0.143, 0.1, 0.286, 0.0
2594, Kyle Korver, 1610612737, ATL, 75, 58, 17, 32.2, 39.0, 0.0, 0.0, 0.0, 0.0, 0.0, 0.0, 0.0, 0.0, 0.0, 0.0, 1.0, 0.0, 0.0, 0.0, 0.0, 0.0
200768, Kyle Lowry, 1610612761, TOR, 70, 43, 27, 34.5, 79.2, 0.7, 0.2, 0.3, 0.458, 0.0, 0.0, 1.0, 0.3, 0.5, 0.2, 0.271, 0.1, 0.104, 0.0, 0.063, 0.042
203124, Kyle O'Quinn, 1610612753, ORL, 51, 15, 36, 16.2, 31.0, 0.9, 0.2, 0.4, 0.364, 0.1, 0.1, 0.833, 0.4, 0.457, 0.2, 0.261, 0.0, 0.022, 0.1, 0.13, 0.065
202713, Kyle Singler, 1610612760, OKC, 80, 36, 44, 21.8, 27.8, 0.2, 0.0, 0.1, 0.143, 0.0, 0.0, 0.0, 0.0, 0.133, 0.1, 0.4, 0.0, 0.0, 0.0, 0.067, 0.0
202681, Kyrie Irving, 1610612739, CLE, 74, 52, 22, 36.3, 80.0, 0.4, 0.1, 0.2, 0.294, 0.1, 0.1, 0.875, 0.2, 0.548, 0.1, 0.194, 0.0, 0.065, 0.0, 0.065, 0.129
200746, LaMarcus Aldridge, 1610612757, POR, 71, 48, 23, 35.4, 63.6, 12.5, 2.7, 5.9, 0.45, 1.5, 1.7, 0.893, 7.0, 0.559, 4.0, 0.322, 0.5, 0.037, 0.6, 0.051, 0.068
202362, Lance Stephenson, 1610612766, CHA, 61, 23, 38, 25.8, 49.8, 0.2, 0.0, 0.0, 0.0, 0.0, 0.0, 0.0, 0.0, 0.0, 0.1, 0.667, 0.0, 0.083, 0.0, 0.0, 0.0
202498, Lance Thomas, 1610612752, NYK, 61, 20, 41, 24.1, 34.0, 0.8, 0.1, 0.5, 0.281, 0.0, 0.1, 0.75, 0.4, 0.468, 0.1, 0.149, 0.0, 0.064, 0.0, 0.064, 0.043
202361, Landry Fields, 1610612761, TOR, 26, 16, 10, 8.3, 9.5, 0.0, 0.0, 0.0, 0.0, 0.0, 0.0, 0.0, 0.0, 0.0, 0.0, 1.0, 0.0, 0.0, 0.0, 0.0, 0.0
204038, Langston Galloway, 1610612752, NYK, 44, 12, 32, 32.5, 69.9, 0.1, 0.0, 0.0, 0.5, 0.0, 0.0, 0.0, 0.0, 0.5, 0.0, 0.5, 0.0, 0.0, 0.0, 0.0, 0.0
203580, Larry Drew II, 1610612755, PHI, 12, 4, 8, 18.3, 51.8, 0.1, 0.0, 0.0, 0.0, 0.0, 0.0, 0.0, 0.0, 0.0, 0.1, 1.0, 0.0, 0.0, 0.0, 0.0, 0.0
202336, Larry Sanders, 1610612749, MIL, 27, 12, 15, 21.7, 29.5, 1.0, 0.1, 0.5, 0.286, 0.0, 0.0, 0.0, 0.3, 0.308, 0.4, 0.385, 0.0, 0.0, 0.0, 0.038, 0.0
202730, Lavoy Allen, 1610612754, IND, 63, 29, 34, 17.0, 28.3, 1.7, 0.1, 0.4, 0.174, 0.1, 0.2, 0.9, 0.3, 0.168, 1.0, 0.561, 0.2, 0.103, 0.1, 0.047, 0.047
2544, LeBron James, 1610612739, CLE, 68, 50, 18, 36.1, 81.9, 3.6, 0.6, 1.7, 0.379, 0.3, 0.4, 0.808, 1.7, 0.459, 1.0, 0.289, 0.2, 0.065, 0.3, 0.077, 0.057
2571, Leandro Barbosa, 1610612744, GSW, 66, 54, 12, 14.9, 24.0, 0.0, 0.0, 0.0, 0.0, 0.0, 0.0, 0.0, 0.0, 0.0, 0.0, 0.5, 0.0, 0.5, 0.0, 0.0, 0.0
201991, Lester Hudson, 1610612746, LAC, 5, 5, 0, 11.1, 24.0, 0.0, 0.0, 0.0, 0.0, 0.0, 0.0, 0.0, 0.0, 0.0, 0.0, 0.0, 0.0, 0.0, 0.0, 0.0, 0.0
203485, Lorenzo Brown, 1610612750, MIN, 29, 6, 23, 18.9, 40.0, 0.0, 0.0, 0.0, 0.0, 0.0, 0.0, 0.0, 0.0, 0.0, 0.0, 1.0, 0.0, 0.0, 0.0, 0.0, 0.0
200811, Lou Amundson, 1610612752, NYK, 52, 17, 35, 17.7, 32.8, 4.1, 0.3, 0.8, 0.333, 0.1, 0.3, 0.5, 0.7, 0.166, 2.3, 0.569, 0.5, 0.114, 0.3, 0.062, 0.033
101150, Lou Williams, 1610612761, TOR, 80, 48, 32, 25.2, 40.7, 0.1, 0.0, 0.0, 0.667, 0.0, 0.0, 0.5, 0.1, 1.0, 0.0, 0.333, 0.0, 0.0, 0.0, 0.0, 0.167
201601, Luc Mbah a Moute, 1610612755, PHI, 67, 16, 51, 28.6, 54.4, 1.4, 0.3, 0.6, 0.419, 0.2, 0.2, 0.688, 0.7, 0.516, 0.4, 0.263, 0.1, 0.063, 0.1, 0.095, 0.084
203512, Lucas Nogueira, 1610612761, TOR, 6, 3, 3, 3.8, 8.0, 0.2, 0.0, 0.2, 0.0, 0.0, 0.0, 0.0, 0.0, 0.0, 0.0, 0.0, 0.0, 0.0, 0.0, 0.0, 0.0
2449, Luis Scola, 1610612754, IND, 81, 37, 44, 20.5, 43.6, 2.8, 0.5, 1.1, 0.494, 0.5, 0.7, 0.796, 1.6, 0.58, 0.7, 0.252, 0.2, 0.088, 0.2, 0.088, 0.119
202337, Luke Babbitt, 1610612740, NOP, 63, 34, 29, 13.2, 16.3, 0.1, 0.0, 0.0, 0.0, 0.0, 0.0, 0.0, 0.0, 0.0, 0.0, 0.25, 0.0, 0.5, 0.0, 0.0, 0.0
2557, Luke Ridnour, 1610612753, ORL, 47, 13, 34, 14.5, 30.7, 0.0, 0.0, 0.0, 0.0, 0.0, 0.0, 0.0, 0.0, 0.0, 0.0, 0.0, 0.0, 0.0, 0.0, 0.0, 0.0
2736, Luol Deng, 1610612748, MIA, 71, 32, 39, 33.5, 44.4, 2.5, 0.5, 1.2, 0.442, 0.3, 0.3, 0.917, 1.4, 0.577, 0.7, 0.28, 0.1, 0.04, 0.2, 0.08, 0.069
202723, Malcolm Lee, 1610612755, PHI, 1, 0, 1, 2.0, 2.0, 0.0, 0.0, 0.0, 0.0, 0.0, 0.0, 0.0, 0.0, 0.0, 0.0, 0.0, 0.0, 0.0, 0.0, 0.0, 0.0
202952, Malcolm Thomas, 1610612755, PHI, 17, 2, 15, 11.4, 24.2, 1.1, 0.1, 0.4, 0.167, 0.0, 0.0, 0.0, 0.1, 0.111, 0.5, 0.444, 0.1, 0.056, 0.2, 0.167, 0.0
1938, Manu Ginobili, 1610612759, SAS, 70, 47, 23, 22.7, 46.0, 0.2, 0.1, 0.1, 0.625, 0.0, 0.1, 0.75, 0.2, 0.867, 0.0, 0.067, 0.0, 0.067, 0.0, 0.2, 0.2
201188, Marc Gasol, 1610612763, MEM, 81, 55, 26, 33.2, 67.5, 10.9, 2.2, 4.7, 0.474, 1.4, 1.9, 0.739, 6.1, 0.559, 3.1, 0.286, 0.8, 0.076, 0.7, 0.068, 0.09
101162, Marcin Gortat, 1610612764, WAS, 82, 46, 36, 29.9, 47.9, 3.6, 0.8, 2.1, 0.386, 0.2, 0.3, 0.731, 1.9, 0.531, 0.7, 0.209, 0.2, 0.058, 0.2, 0.051, 0.045
201158, Marco Belinelli, 1610612759, SAS, 62, 41, 21, 22.4, 34.2, 0.1, 0.0, 0.0, 0.667, 0.1, 0.1, 1.0, 0.1, 1.0, 0.0, 0.125, 0.0, 0.125, 0.0, 0.125, 0.25
202694, Marcus Morris, 1610612756, PHX, 81, 39, 42, 25.2, 39.2, 1.0, 0.2, 0.5, 0.487, 0.1, 0.1, 0.833, 0.5, 0.538, 0.3, 0.3, 0.1, 0.075, 0.1, 0.063, 0.038
203935, Marcus Smart, 1610612738, BOS, 67, 35, 32, 27.0, 46.1, 0.1, 0.0, 0.1, 0.0, 0.0, 0.0, 0.5, 0.0, 0.1, 0.0, 0.3, 0.0, 0.1, 0.0, 0.1, 0.1
201977, Marcus Thornton, 1610612756, PHX, 48, 19, 29, 15.0, 21.1, 0.0, 0.0, 0.0, 0.0, 0.0, 0.0, 0.0, 0.0, 0.0, 0.0, 0.0, 0.0, 0.0, 0.0, 0.0, 0.0
201596, Mario Chalmers, 1610612748, MIA, 79, 35, 44, 29.6, 63.5, 0.1, 0.0, 0.0, 1.0, 0.0, 0.0, 1.0, 0.1, 0.625, 0.1, 0.75, 0.0, 0.0, 0.0, 0.0, 0.125
203900, Markel Brown, 1610612751, BKN, 47, 23, 24, 16.6, 17.2, 0.0, 0.0, 0.0, 0.0, 0.0, 0.0, 0.0, 0.0, 0.0, 0.0, 0.5, 0.0, 0.0, 0.0, 0.0, 0.0
202693, Markieff Morris, 1610612756, PHX, 82, 39, 43, 31.5, 52.5, 7.5, 1.9, 4.1, 0.458, 0.5, 0.6, 0.712, 4.2, 0.557, 1.9, 0.257, 0.5, 0.066, 0.5, 0.069, 0.044
201578, Marreese Speights, 1610612744, GSW, 76, 62, 14, 15.9, 29.1, 0.9, 0.2, 0.4, 0.5, 0.2, 0.3, 0.75, 0.6, 0.701, 0.2, 0.224, 0.1, 0.104, 0.1, 0.06, 0.149
101110, Martell Webster, 1610612764, WAS, 32, 12, 20, 11.0, 14.2, 0.1, 0.0, 0.0, 0.0, 0.1, 0.1, 0.5, 0.1, 0.667, 0.0, 0.0, 0.0, 0.0, 0.0, 0.333, 0.667
101107, Marvin Williams, 1610612766, CHA, 78, 32, 46, 26.1, 55.2, 0.5, 0.0, 0.1, 0.429, 0.1, 0.1, 1.0, 0.1, 0.289, 0.3, 0.658, 0.0, 0.053, 0.0, 0.0, 0.053
203486, Mason Plumlee, 1610612751, BKN, 82, 38, 44, 21.3, 30.9, 2.3, 0.2, 0.7, 0.328, 0.3, 0.6, 0.5, 0.8, 0.339, 0.7, 0.323, 0.2, 0.108, 0.2, 0.081, 0.14
2440, Matt Barnes, 1610612746, LAC, 76, 51, 25, 29.9, 36.0, 0.2, 0.0, 0.0, 0.0, 0.0, 0.0, 1.0, 0.0, 0.125, 0.1, 0.438, 0.0, 0.063, 0.0, 0.188, 0.125
2588, Matt Bonner, 1610612759, SAS, 72, 49, 23, 13.0, 20.4, 0.1, 0.0, 0.0, 0.5, 0.0, 0.0, 0.0, 0.0, 0.375, 0.1, 0.5, 0.0, 0.125, 0.0, 0.0, 0.125
203521, Matthew Dellavedova, 1610612739, CLE, 66, 43, 23, 20.7, 42.0, 0.1, 0.0, 0.0, 0.0, 0.0, 0.0, 0.0, 0.0, 0.0, 0.1, 0.625, 0.0, 0.0, 0.0, 0.0, 0.0
203090, Maurice Harkless, 1610612753, ORL, 45, 9, 36, 15.0, 16.7, 0.1, 0.0, 0.0, 1.0, 0.0, 0.0, 1.0, 0.1, 0.667, 0.0, 0.333, 0.0, 0.0, 0.0, 0.0, 0.167
203086, Meyers Leonard, 1610612757, POR, 55, 32, 23, 15.4, 22.2, 0.5, 0.1, 0.2, 0.556, 0.0, 0.0, 0.0, 0.2, 0.4, 0.2, 0.52, 0.0, 0.0, 0.0, 0.08, 0.0
201563, Michael Beasley, 1610612748, MIA, 24, 11, 13, 21.0, 35.8, 2.4, 0.7, 1.4, 0.5, 0.2, 0.2, 1.0, 1.7, 0.702, 0.5, 0.193, 0.2, 0.088, 0.2, 0.07, 0.035
203487, Michael Carter-Williams, 1610612749, MIL, 66, 21, 45, 32.6, 86.2, 0.9, 0.2, 0.3, 0.647, 0.0, 0.1, 0.5, 0.4, 0.439, 0.3, 0.368, 0.1, 0.14, 0.1, 0.088, 0.053
203077, Michael Kidd-Gilchrist, 1610612766, CHA, 55, 27, 28, 28.9, 36.0, 0.2, 0.0, 0.1, 0.667, 0.0, 0.0, 0.0, 0.1, 0.364, 0.1, 0.636, 0.0, 0.091, 0.0, 0.0, 0.0
201144, Mike Conley, 1610612763, MEM, 70, 47, 23, 31.8, 80.1, 0.0, 0.0, 0.0, 1.0, 0.0, 0.0, 1.0, 0.1, 1.333, 0.0, 0.333, 0.0, 0.0, 0.0, 0.0, 0.333
2399, Mike Dunleavy, 1610612741, CHI, 63, 41, 22, 29.2, 36.1, 0.1, 0.0, 0.0, 0.667, 0.0, 0.0, 0.0, 0.1, 0.8, 0.0, 0.0, 0.0, 0.2, 0.0, 0.0, 0.0
2034, Mike Miller, 1610612739, CLE, 51, 31, 20, 13.2, 18.5, 0.0, 0.0, 0.0, 0.0, 0.0, 0.0, 0.0, 0.0, 0.0, 0.0, 0.0, 0.0, 0.0, 0.0, 0.0, 0.0
203488, Mike Muscala, 1610612737, ATL, 40, 26, 14, 12.6, 23.3, 0.6, 0.1, 0.2, 0.667, 0.0, 0.0, 0.0, 0.2, 0.348, 0.4, 0.696, 0.0, 0.0, 0.0, 0.043, 0.0
203118, Mike Scott, 1610612737, ATL, 68, 52, 16, 16.5, 27.9, 1.5, 0.2, 0.7, 0.348, 0.0, 0.0, 1.0, 0.5, 0.34, 0.6, 0.408, 0.1, 0.049, 0.1, 0.039, 0.01
203101, Miles Plumlee, 1610612749, MIL, 73, 34, 39, 16.4, 22.5, 1.1, 0.2, 0.7, 0.354, 0.1, 0.2, 0.417, 0.5, 0.481, 0.2, 0.16, 0.1, 0.049, 0.1, 0.099, 0.074
203545, Miroslav Raduljica, 1610612750, MIN, 5, 0, 5, 4.6, 5.2, 1.2, 0.2, 0.8, 0.25, 0.0, 0.0, 0.0, 0.4, 0.333, 0.2, 0.167, 0.0, 0.0, 0.2, 0.167, 0.0
203141, Mirza Teletovic, 1610612751, BKN, 40, 16, 24, 22.3, 41.0, 0.9, 0.1, 0.2, 0.222, 0.1, 0.2, 0.833, 0.2, 0.265, 0.3, 0.382, 0.1, 0.059, 0.1, 0.118, 0.088
203956, Mitch McGary, 1610612760, OKC, 32, 20, 12, 15.2, 25.5, 0.6, 0.1, 0.3, 0.444, 0.0, 0.0, 0.0, 0.3, 0.444, 0.2, 0.389, 0.0, 0.0, 0.1, 0.111, 0.0
2590, Mo Williams, 1610612766, CHA, 67, 20, 47, 29.4, 73.8, 0.0, 0.0, 0.0, 1.0, 0.0, 0.0, 0.0, 0.0, 1.0, 0.0, 0.5, 0.0, 0.0, 0.0, 0.0, 0.0
101145, Monta Ellis, 1610612742, DAL, 80, 50, 30, 33.7, 63.8, 0.3, 0.1, 0.2, 0.5, 0.1, 0.1, 1.0, 0.2, 0.857, 0.1, 0.19, 0.0, 0.0, 0.0, 0.0, 0.095
101126, Nate Robinson, 1610612743, DEN, 42, 22, 20, 14.1, 28.7, 0.0, 0.0, 0.0, 0.0, 0.0, 0.0, 0.0, 0.0, 0.0, 0.0, 0.0, 0.0, 0.0, 0.0, 0.0, 0.0
203489, Nate Wolters, 1610612749, MIL, 21, 14, 7, 11.7, 20.1, 0.0, 0.0, 0.0, 0.0, 0.0, 0.0, 0.0, 0.0, 0.0, 0.0, 0.0, 0.0, 0.0, 0.0, 0.0, 0.0
1737, Nazr Mohammed, 1610612741, CHI, 23, 13, 10, 5.6, 7.7, 0.3, 0.0, 0.1, 0.0, 0.0, 0.0, 0.0, 0.0, 0.0, 0.2, 0.625, 0.0, 0.0, 0.0, 0.125, 0.0
2403, Nene, 1610612764, WAS, 67, 37, 30, 25.3, 39.8, 7.2, 1.1, 2.7, 0.388, 0.4, 0.8, 0.577, 2.6, 0.364, 2.4, 0.331, 0.7, 0.102, 0.5, 0.073, 0.058
203457, Nerlens Noel, 1610612755, PHI, 75, 18, 57, 30.8, 48.8, 4.9, 0.6, 1.8, 0.326, 0.1, 0.2, 0.556, 1.3, 0.27, 2.1, 0.434, 0.3, 0.071, 0.2, 0.049, 0.025
201979, Nick Calathes, 1610612763, MEM, 58, 36, 22, 14.4, 33.3, 0.0, 0.0, 0.0, 0.0, 0.0, 0.0, 0.0, 0.0, 0.0, 0.0, 0.0, 0.0, 1.0, 0.0, 0.0, 0.0
2555, Nick Collison, 1610612760, OKC, 66, 38, 28, 16.7, 32.2, 0.2, 0.0, 0.1, 0.4, 0.0, 0.0, 0.0, 0.1, 0.333, 0.1, 0.417, 0.0, 0.167, 0.0, 0.0, 0.0
203910, Nick Johnson, 1610612745, HOU, 27, 17, 10, 9.6, 13.7, 0.0, 0.0, 0.0, 0.0, 0.0, 0.0, 0.0, 0.0, 0.0, 0.0, 1.0, 0.0, 0.0, 0.0, 0.0, 0.0
201156, Nick Young, 1610612747, LAL, 42, 12, 30, 23.8, 28.4, 0.4, 0.1, 0.3, 0.364, 0.0, 0.0, 0.0, 0.2, 0.529, 0.0, 0.118, 0.0, 0.059, 0.0, 0.059, 0.0
201587, Nicolas Batum, 1610612757, POR, 71, 43, 28, 33.5, 60.8, 0.2, 0.0, 0.0, 0.333, 0.0, 0.0, 0.0, 0.0, 0.125, 0.1, 0.625, 0.0, 0.188, 0.0, 0.0, 0.0
203917, Nik Stauskas, 1610612758, SAC, 73, 26, 47, 15.4, 17.5, 0.0, 0.0, 0.0, 0.0, 0.0, 0.0, 0.0, 0.0, 0.0, 0.0, 0.0, 0.0, 0.0, 0.0, 0.0, 0.0
202703, Nikola Mirotic, 1610612741, CHI, 82, 50, 32, 20.2, 34.9, 1.2, 0.3, 0.6, 0.49, 0.2, 0.3, 0.769, 0.9, 0.72, 0.2, 0.19, 0.0, 0.04, 0.1, 0.07, 0.14
201593, Nikola Pekovic, 1610612750, MIN, 30, 9, 21, 26.2, 29.5, 10.5, 2.1, 5.6, 0.369, 1.0, 1.1, 0.853, 5.2, 0.497, 2.7, 0.258, 0.6, 0.061, 0.6, 0.057, 0.057
202696, Nikola Vucevic, 1610612753, ORL, 74, 21, 53, 34.2, 52.5, 10.3, 2.1, 4.7, 0.448, 0.4, 0.5, 0.775, 4.6, 0.451, 3.7, 0.36, 0.7, 0.066, 0.7, 0.064, 0.029
203943, Noah Vonleh, 1610612766, CHA, 25, 8, 17, 10.3, 20.6, 1.1, 0.1, 0.6, 0.214, 0.1, 0.2, 0.75, 0.4, 0.321, 0.3, 0.286, 0.0, 0.0, 0.1, 0.071, 0.071
202708, Norris Cole, 1610612740, NOP, 74, 36, 38, 24.3, 55.8, 0.0, 0.0, 0.0, 0.0, 0.0, 0.0, 0.0, 0.0, 0.0, 0.0, 0.667, 0.0, 0.0, 0.0, 0.0, 0.0
201564, O.J. Mayo, 1610612749, MIL, 70, 38, 32, 23.9, 34.7, 0.4, 0.1, 0.2, 0.267, 0.0, 0.1, 0.75, 0.2, 0.355, 0.1, 0.226, 0.1, 0.129, 0.0, 0.097, 0.065
203136, Ognjen Kuzmic, 1610612744, GSW, 16, 13, 3, 4.5, 7.6, 1.1, 0.1, 0.1, 1.0, 0.0, 0.0, 0.0, 0.1, 0.118, 0.8, 0.765, 0.2, 0.176, 0.0, 0.0, 0.0
201600, Omer Asik, 1610612740, NOP, 76, 43, 33, 26.1, 38.8, 0.4, 0.0, 0.2, 0.231, 0.1, 0.1, 0.625, 0.1, 0.324, 0.1, 0.235, 0.0, 0.059, 0.1, 0.147, 0.118
201956, Omri Casspi, 1610612758, SAC, 67, 23, 44, 21.1, 34.1, 0.2, 0.0, 0.1, 0.2, 0.0, 0.0, 0.0, 0.0, 0.154, 0.1, 0.385, 0.0, 0.077, 0.0, 0.077, 0.0
203490, Otto Porter Jr., 1610612764, WAS, 74, 41, 33, 19.4, 21.4, 0.2, 0.0, 0.1, 0.429, 0.0, 0.0, 0.0, 0.1, 0.5, 0.0, 0.167, 0.0, 0.083, 0.0, 0.083, 0.0
203798, PJ Hairston, 1610612766, CHA, 45, 19, 26, 15.3, 15.4, 0.0, 0.0, 0.0, 0.0, 0.0, 0.0, 0.0, 0.0, 0.0, 0.0, 0.0, 0.0, 0.0, 0.0, 0.0, 0.0
200782, PJ Tucker, 1610612756, PHX, 78, 36, 42, 30.6, 42.5, 1.3, 0.3, 0.6, 0.468, 0.1, 0.1, 0.4, 0.7, 0.5, 0.4, 0.294, 0.1, 0.098, 0.1, 0.059, 0.059
203143, Pablo Prigioni, 1610612745, HOU, 66, 25, 41, 18.1, 40.8, 0.0, 0.0, 0.0, 0.0, 0.0, 0.0, 0.0, 0.0, 0.0, 0.0, 1.0, 0.0, 0.0, 0.0, 0.0, 0.0
201976, Patrick Beverley, 1610612745, HOU, 56, 35, 21, 30.8, 64.2, 0.0, 0.0, 0.0, 0.0, 0.0, 0.0, 0.0, 0.0, 0.0, 0.0, 0.0, 0.0, 1.0, 0.0, 0.0, 0.0
203565, Patrick Christopher, 1610612763, MEM, 4, 2, 2, 7.2, 10.3, 0.0, 0.0, 0.0, 0.0, 0.0, 0.0, 0.0, 0.0, 0.0, 0.0, 0.0, 0.0, 0.0, 0.0, 0.0, 0.0
202335, Patrick Patterson, 1610612761, TOR, 81, 49, 32, 26.6, 45.0, 0.2, 0.0, 0.1, 0.375, 0.0, 0.0, 0.5, 0.1, 0.389, 0.1, 0.278, 0.0, 0.056, 0.0, 0.111, 0.056
201988, Patty Mills, 1610612759, SAS, 51, 37, 14, 15.7, 36.1, 0.1, 0.0, 0.0, 0.0, 0.0, 0.0, 0.0, 0.0, 0.0, 0.0, 0.0, 0.0, 0.333, 0.0, 0.333, 0.0
2200, Pau Gasol, 1610612741, CHI, 78, 48, 30, 34.4, 67.1, 10.1, 1.8, 4.3, 0.426, 0.8, 1.1, 0.795, 4.6, 0.459, 3.5, 0.345, 0.8, 0.084, 0.6, 0.054, 0.054
202331, Paul George, 1610612754, IND, 6, 5, 1, 15.2, 24.3, 0.8, 0.2, 0.3, 0.5, 0.0, 0.0, 0.0, 0.3, 0.4, 0.3, 0.4, 0.2, 0.2, 0.0, 0.0, 0.0
200794, Paul Millsap, 1610612737, ATL, 73, 55, 18, 32.7, 63.1, 5.2, 0.6, 1.7, 0.373, 0.5, 0.7, 0.813, 1.9, 0.364, 1.8, 0.343, 0.6, 0.122, 0.3, 0.066, 0.066
1718, Paul Pierce, 1610612764, WAS, 73, 40, 33, 26.2, 33.4, 1.2, 0.3, 0.6, 0.488, 0.2, 0.2, 0.786, 0.8, 0.625, 0.4, 0.318, 0.0, 0.023, 0.1, 0.08, 0.08
203544, Pero Antic, 1610612737, ATL, 63, 46, 17, 16.5, 25.4, 0.4, 0.0, 0.1, 0.25, 0.0, 0.0, 1.0, 0.1, 0.25, 0.2, 0.5, 0.0, 0.042, 0.0, 0.083, 0.042
203103, Perry Jones III, 1610612760, OKC, 43, 23, 20, 14.7, 18.3, 0.8, 0.2, 0.5, 0.391, 0.1, 0.1, 1.0, 0.5, 0.629, 0.1, 0.171, 0.0, 0.029, 0.0, 0.057, 0.057
203515, Phil Pressey, 1610612738, BOS, 50, 22, 28, 12.0, 29.0, 0.0, 0.0, 0.0, 0.0, 0.0, 0.0, 0.0, 0.0, 0.0, 0.0, 0.0, 0.0, 0.0, 0.0, 0.0, 0.0
203112, Quincy Acy, 1610612752, NYK, 67, 12, 55, 19.1, 30.5, 1.9, 0.1, 0.3, 0.348, 0.1, 0.1, 0.7, 0.4, 0.185, 1.2, 0.623, 0.2, 0.108, 0.1, 0.038, 0.038
203113, Quincy Miller, 1610612765, DET, 10, 2, 8, 12.0, 17.7, 0.1, 0.1, 0.1, 1.0, 0.0, 0.0, 0.0, 0.2, 2.0, 0.0, 0.0, 0.0, 0.0, 0.0, 0.0, 0.0
202347, Quincy Pondexter, 1610612740, NOP, 75, 48, 27, 23.9, 27.8, 0.2, 0.1, 0.1, 0.8, 0.0, 0.1, 0.75, 0.1, 0.786, 0.1, 0.286, 0.0, 0.143, 0.0, 0.071, 0.143
200765, Rajon Rondo, 1610612742, DAL, 68, 34, 34, 29.7, 79.9, 0.4, 0.0, 0.1, 0.25, 0.0, 0.0, 0.0, 0.0, 0.071, 0.3, 0.607, 0.1, 0.214, 0.0, 0.036, 0.0
201196, Ramon Sessions, 1610612764, WAS, 64, 26, 38, 18.6, 44.1, 0.0, 0.0, 0.0, 0.0, 0.0, 0.0, 0.0, 0.0, 0.0, 0.0, 0.0, 0.0, 0.0, 0.0, 0.0, 0.0
200751, Randy Foye, 1610612743, DEN, 50, 15, 35, 21.7, 31.3, 0.1, 0.0, 0.0, 0.0, 0.0, 0.0, 0.0, 0.0, 0.0, 0.1, 0.667, 0.0, 0.167, 0.0, 0.0, 0.0
2446, Rasual Butler, 1610612764, WAS, 75, 39, 36, 20.1, 24.4, 0.3, 0.1, 0.1, 0.4, 0.0, 0.0, 0.0, 0.1, 0.4, 0.1, 0.3, 0.0, 0.1, 0.0, 0.1, 0.0
203492, Ray McCallum, 1610612758, SAC, 68, 22, 46, 21.1, 47.6, 0.0, 0.0, 0.0, 1.0, 0.0, 0.0, 0.0, 0.0, 0.667, 0.0, 0.333, 0.0, 0.0, 0.0, 0.333, 0.0
101109, Raymond Felton, 1610612742, DAL, 29, 14, 15, 9.7, 20.4, 0.0, 0.0, 0.0, 0.0, 0.0, 0.0, 0.0, 0.0, 0.0, 0.0, 0.0, 0.0, 0.0, 0.0, 0.0, 0.0
203493, Reggie Bullock, 1610612756, PHX, 36, 19, 17, 9.4, 10.1, 0.1, 0.0, 0.0, 0.0, 0.0, 0.0, 0.0, 0.0, 0.0, 0.1, 1.0, 0.0, 0.0, 0.0, 0.0, 0.0
2501, Reggie Evans, 1610612758, SAC, 47, 16, 31, 16.3, 22.1, 0.9, 0.1, 0.4, 0.3, 0.2, 0.3, 0.75, 0.4, 0.488, 0.2, 0.233, 0.1, 0.07, 0.1, 0.07, 0.14
202704, Reggie Jackson, 1610612765, DET, 77, 37, 40, 29.5, 66.8, 0.1, 0.0, 0.0, 0.667, 0.0, 0.0, 0.0, 0.1, 0.444, 0.1, 0.444, 0.0, 0.222, 0.0, 0.0, 0.0
202130, Reggie Williams, 1610612759, SAS, 20, 15, 5, 5.3, 8.9, 0.0, 0.0, 0.0, 0.0, 0.0, 0.0, 0.0, 0.0, 0.0, 0.0, 0.0, 0.0, 0.0, 0.0, 0.0, 0.0
2210, Richard Jefferson, 1610612742, DAL, 74, 46, 28, 16.8, 22.8, 0.2, 0.0, 0.0, 0.0, 0.0, 0.1, 0.75, 0.0, 0.25, 0.1, 0.417, 0.0, 0.0, 0.0, 0.0, 0.167
203495, Ricky Ledo, 1610612752, NYK, 17, 4, 13, 14.4, 29.6, 0.1, 0.1, 0.1, 1.0, 0.0, 0.0, 0.0, 0.1, 2.0, 0.0, 0.0, 0.0, 0.0, 0.0, 0.0, 0.0
201937, Ricky Rubio, 1610612750, MIN, 22, 7, 15, 31.5, 83.7, 0.0, 0.0, 0.0, 0.0, 0.0, 0.0, 0.0, 0.0, 0.0, 0.0, 0.0, 0.0, 0.0, 0.0, 0.0, 0.0
203133, Robbie Hummel, 1610612750, MIN, 44, 5, 39, 16.7, 28.1, 0.3, 0.0, 0.1, 0.0, 0.0, 0.0, 0.0, 0.0, 0.0, 0.1, 0.333, 0.0, 0.167, 0.0, 0.0, 0.0
203496, Robert Covington, 1610612755, PHI, 70, 18, 52, 27.9, 45.1, 0.1, 0.0, 0.1, 0.25, 0.0, 0.0, 0.0, 0.0, 0.2, 0.1, 0.5, 0.0, 0.0, 0.0, 0.0, 0.0
203135, Robert Sacre, 1610612747, LAL, 67, 19, 48, 16.9, 23.2, 3.0, 0.7, 1.8, 0.395, 0.2, 0.3, 0.778, 1.6, 0.532, 0.8, 0.266, 0.1, 0.044, 0.1, 0.034, 0.044
201577, Robin Lopez, 1610612757, POR, 59, 38, 21, 27.8, 27.3, 1.4, 0.4, 0.7, 0.512, 0.1, 0.1, 1.0, 0.9, 0.654, 0.4, 0.259, 0.1, 0.037, 0.1, 0.074, 0.049
203918, Rodney Hood, 1610612762, UTA, 50, 27, 23, 21.3, 34.0, 0.0, 0.0, 0.0, 0.0, 0.0, 0.0, 0.0, 0.0, 0.0, 0.0, 0.0, 0.0, 0.0, 0.0, 0.0, 0.0
201155, Rodney Stuckey, 1610612754, IND, 71, 34, 37, 26.4, 48.0, 0.7, 0.0, 0.2, 0.125, 0.0, 0.0, 0.0, 0.1, 0.083, 0.2, 0.313, 0.1, 0.188, 0.1, 0.146, 0.0
101179, Ronnie Price, 1610612747, LAL, 43, 13, 30, 22.8, 48.0, 0.0, 0.0, 0.0, 1.0, 0.0, 0.0, 0.0, 0.0, 1.0, 0.0, 0.5, 0.0, 0.0, 0.0, 0.0, 0.0
101142, Ronny Turiaf, 1610612750, MIN, 1, 0, 1, 9.7, 6.0, 0.0, 0.0, 0.0, 0.0, 0.0, 0.0, 0.0, 0.0, 0.0, 0.0, 0.0, 0.0, 0.0, 0.0, 0.0, 0.0
201579, Roy Hibbert, 1610612754, IND, 76, 34, 42, 25.3, 37.2, 7.6, 1.9, 4.2, 0.443, 0.6, 0.8, 0.78, 4.4, 0.573, 1.8, 0.234, 0.5, 0.071, 0.5, 0.061, 0.054
200752, Rudy Gay, 1610612758, SAC, 68, 25, 43, 35.4, 61.0, 4.4, 1.0, 2.1, 0.486, 0.5, 0.6, 0.85, 2.6, 0.585, 1.2, 0.268, 0.3, 0.07, 0.3, 0.077, 0.07
203497, Rudy Gobert, 1610612762, UTA, 82, 38, 44, 26.3, 49.3, 0.9, 0.1, 0.2, 0.25, 0.0, 0.1, 0.667, 0.2, 0.184, 0.5, 0.513, 0.0, 0.053, 0.1, 0.079, 0.039
203893, Russ Smith, 1610612763, MEM, 12, 7, 5, 5.4, 12.1, 0.0, 0.0, 0.0, 0.0, 0.0, 0.0, 0.0, 0.0, 0.0, 0.0, 0.0, 0.0, 0.0, 0.0, 0.0, 0.0
201566, Russell Westbrook, 1610612760, OKC, 67, 40, 27, 34.4, 89.6, 1.4, 0.3, 0.6, 0.463, 0.3, 0.3, 0.85, 0.8, 0.598, 0.3, 0.228, 0.2, 0.141, 0.1, 0.054, 0.12
201583, Ryan Anderson, 1610612740, NOP, 61, 33, 28, 27.5, 41.8, 2.7, 0.7, 1.6, 0.438, 0.4, 0.4, 0.846, 1.9, 0.685, 0.5, 0.188, 0.0, 0.018, 0.2, 0.091, 0.085
200797, Ryan Hollins, 1610612758, SAC, 46, 13, 33, 9.6, 11.0, 0.5, 0.2, 0.2, 0.636, 0.0, 0.0, 0.0, 0.3, 0.636, 0.1, 0.227, 0.0, 0.091, 0.0, 0.045, 0.0
203527, Ryan Kelly, 1610612747, LAL, 52, 11, 41, 23.7, 31.3, 0.9, 0.1, 0.3, 0.4, 0.2, 0.2, 0.833, 0.4, 0.469, 0.3, 0.347, 0.1, 0.082, 0.1, 0.082, 0.122
2223, Samuel Dalembert, 1610612752, NYK, 32, 5, 27, 17.0, 30.8, 3.6, 0.2, 0.8, 0.24, 0.1, 0.1, 1.0, 0.4, 0.123, 2.2, 0.614, 0.3, 0.088, 0.2, 0.044, 0.009
203930, Sean Kilpatrick, 1610612750, MIN, 4, 2, 2, 17.9, 14.5, 0.0, 0.0, 0.0, 0.0, 0.0, 0.0, 0.0, 0.0, 0.0, 0.0, 0.0, 0.0, 0.0, 0.0, 0.0, 0.0
2742, Sebastian Telfair, 1610612760, OKC, 16, 4, 12, 20.4, 50.0, 0.2, 0.0, 0.1, 0.0, 0.0, 0.0, 0.0, 0.0, 0.0, 0.1, 0.667, 0.0, 0.0, 0.0, 0.0, 0.0
201586, Serge Ibaka, 1610612760, OKC, 64, 35, 29, 33.1, 56.9, 1.3, 0.4, 0.7, 0.596, 0.1, 0.1, 0.75, 1.0, 0.75, 0.2, 0.179, 0.1, 0.048, 0.1, 0.107, 0.048
203508, Sergey Karasev, 1610612751, BKN, 33, 12, 21, 16.8, 19.6, 0.1, 0.0, 0.0, 0.0, 0.0, 0.1, 0.5, 0.0, 0.5, 0.0, 0.5, 0.0, 0.0, 0.0, 0.0, 0.5
203552, Seth Curry, 1610612756, PHX, 2, 2, 0, 3.9, 10.0, 0.0, 0.0, 0.0, 0.0, 0.0, 0.0, 0.0, 0.0, 0.0, 0.0, 0.0, 0.0, 0.0, 0.0, 0.0, 0.0
203498, Shabazz Muhammad, 1610612750, MIN, 37, 6, 31, 23.0, 25.7, 4.2, 1.2, 2.6, 0.458, 0.4, 0.6, 0.714, 2.9, 0.697, 0.8, 0.2, 0.2, 0.045, 0.1, 0.032, 0.071
203894, Shabazz Napier, 1610612748, MIA, 51, 24, 27, 19.8, 44.7, 0.0, 0.0, 0.0, 0.0, 0.0, 0.0, 0.0, 0.0, 0.0, 0.0, 1.0, 0.0, 0.0, 0.0, 0.0, 0.0
203499, Shane Larkin, 1610612752, NYK, 75, 16, 59, 24.6, 54.8, 0.0, 0.0, 0.0, 0.5, 0.0, 0.0, 0.0, 0.0, 0.667, 0.0, 0.0, 0.0, 0.333, 0.0, 0.0, 0.0
200769, Shannon Brown, 1610612748, MIA, 5, 3, 2, 17.8, 18.4, 0.0, 0.0, 0.0, 0.0, 0.0, 0.0, 0.0, 0.0, 0.0, 0.0, 0.0, 0.0, 0.0, 0.0, 0.0, 0.0
2733, Shaun Livingston, 1610612744, GSW, 78, 64, 14, 18.8, 45.3, 2.0, 0.4, 1.1, 0.393, 0.1, 0.2, 0.769, 1.0, 0.506, 0.4, 0.208, 0.2, 0.091, 0.2, 0.11, 0.052
101183, Shavlik Randolph, 1610612756, PHX, 21, 11, 10, 6.0, 8.1, 0.3, 0.1, 0.2, 0.4, 0.0, 0.0, 0.0, 0.2, 0.571, 0.1, 0.286, 0.0, 0.0, 0.0, 0.0, 0.0
1890, Shawn Marion, 1610612739, CLE, 56, 36, 20, 19.3, 25.4, 0.8, 0.2, 0.4, 0.409, 0.0, 0.0, 0.0, 0.3, 0.429, 0.3, 0.333, 0.0, 0.024, 0.1, 0.071, 0.0
200761, Shawne Williams, 1610612765, DET, 62, 25, 37, 17.1, 28.7, 0.3, 0.0, 0.1, 0.143, 0.0, 0.0, 0.5, 0.0, 0.167, 0.1, 0.444, 0.0, 0.111, 0.0, 0.0, 0.056
203963, Shayne Whittington, 1610612754, IND, 20, 9, 11, 5.4, 9.9, 0.9, 0.2, 0.4, 0.571, 0.3, 0.4, 0.75, 0.8, 0.833, 0.2, 0.222, 0.1, 0.056, 0.1, 0.111, 0.222
202714, Shelvin Mack, 1610612737, ATL, 55, 37, 18, 15.1, 34.6, 0.1, 0.0, 0.0, 0.0, 0.0, 0.0, 0.0, 0.0, 0.0, 0.1, 1.0, 0.0, 0.0, 0.0, 0.0, 0.0
204021, Sim Bhullar, 1610612758, SAC, 3, 1, 2, 0.9, 2.7, 1.7, 0.3, 0.7, 0.5, 0.0, 0.0, 0.0, 0.7, 0.4, 0.7, 0.4, 0.3, 0.2, 0.0, 0.0, 0.0
203524, Solomon Hill, 1610612754, IND, 82, 38, 44, 29.0, 41.0, 0.8, 0.1, 0.3, 0.296, 0.1, 0.1, 1.0, 0.3, 0.4, 0.2, 0.292, 0.1, 0.092, 0.0, 0.062, 0.077
203915, Spencer Dinwiddie, 1610612765, DET, 34, 12, 22, 13.4, 32.5, 0.0, 0.0, 0.0, 0.0, 0.0, 0.0, 0.0, 0.0, 0.0, 0.0, 0.0, 0.0, 0.0, 0.0, 0.0, 0.0
201150, Spencer Hawes, 1610612746, LAC, 73, 52, 21, 17.5, 31.2, 1.1, 0.3, 0.7, 0.438, 0.1, 0.2, 0.571, 0.7, 0.63, 0.3, 0.235, 0.0, 0.037, 0.0, 0.037, 0.086
201939, Stephen Curry, 1610612744, GSW, 80, 67, 13, 32.7, 81.0, 0.1, 0.0, 0.0, 1.0, 0.0, 0.0, 0.0, 0.0, 0.5, 0.0, 0.25, 0.0, 0.5, 0.0, 0.0, 0.0
2581, Steve Blake, 1610612757, POR, 81, 51, 30, 18.9, 40.6, 0.0, 0.0, 0.0, 0.0, 0.0, 0.0, 0.0, 0.0, 0.0, 0.0, 0.0, 0.0, 0.0, 0.0, 0.0, 0.0
200779, Steve Novak, 1610612760, OKC, 35, 12, 23, 5.6, 8.3, 0.0, 0.0, 0.0, 0.0, 0.0, 0.0, 0.0, 0.0, 0.0, 0.0, 0.0, 0.0, 0.0, 0.0, 0.0, 0.0
203500, Steven Adams, 1610612760, OKC, 70, 37, 33, 25.3, 33.8, 2.5, 0.6, 1.2, 0.483, 0.2, 0.3, 0.542, 1.4, 0.57, 0.6, 0.233, 0.1, 0.029, 0.3, 0.105, 0.07
203933, T.J. Warren, 1610612756, PHX, 40, 17, 23, 15.4, 18.1, 0.3, 0.1, 0.2, 0.333, 0.0, 0.0, 0.0, 0.1, 0.308, 0.1, 0.308, 0.1, 0.154, 0.0, 0.077, 0.0
201959, Taj Gibson, 1610612741, CHI, 62, 38, 24, 27.3, 35.7, 4.5, 0.8, 2.0, 0.419, 0.8, 1.0, 0.783, 2.5, 0.546, 1.3, 0.291, 0.2, 0.053, 0.3, 0.064, 0.106
204028, Tarik Black, 1610612747, LAL, 62, 24, 38, 19.0, 27.1, 0.9, 0.2, 0.4, 0.44, 0.0, 0.1, 0.333, 0.4, 0.453, 0.2, 0.226, 0.0, 0.038, 0.2, 0.189, 0.057
2419, Tayshaun Prince, 1610612765, DET, 58, 27, 31, 24.1, 36.9, 1.3, 0.1, 0.6, 0.222, 0.0, 0.0, 0.0, 0.2, 0.187, 0.5, 0.36, 0.2, 0.12, 0.0, 0.0, 0.0
203093, Terrence Jones, 1610612745, HOU, 33, 24, 9, 27.0, 39.8, 2.1, 0.6, 1.4, 0.444, 0.1, 0.2, 0.667, 1.4, 0.662, 0.5, 0.235, 0.0, 0.015, 0.0, 0.015, 0.044
203082, Terrence Ross, 1610612761, TOR, 82, 49, 33, 25.5, 25.7, 0.1, 0.0, 0.1, 0.4, 0.0, 0.0, 1.0, 0.1, 1.0, 0.0, 0.143, 0.0, 0.0, 0.0, 0.0, 0.143
200757, Thabo Sefolosha, 1610612737, ATL, 52, 43, 9, 18.8, 30.5, 0.1, 0.0, 0.0, 0.0, 0.1, 0.1, 1.0, 0.1, 0.667, 0.0, 0.167, 0.0, 0.0, 0.0, 0.167, 0.333
201152, Thaddeus Young, 1610612751, BKN, 75, 25, 50, 32.1, 64.2, 2.9, 0.7, 1.7, 0.416, 0.2, 0.3, 0.727, 1.6, 0.543, 0.8, 0.26, 0.2, 0.055, 0.1, 0.046, 0.055
203080, Thomas Robinson, 1610612755, PHI, 54, 26, 28, 14.8, 27.0, 0.8, 0.1, 0.4, 0.158, 0.0, 0.0, 0.5, 0.1, 0.171, 0.3, 0.39, 0.0, 0.024, 0.1, 0.098, 0.024
201168, Tiago Splitter, 1610612759, SAS, 52, 34, 18, 19.8, 34.4, 3.0, 0.6, 1.0, 0.556, 0.4, 0.5, 0.769, 1.5, 0.516, 1.1, 0.361, 0.3, 0.084, 0.2, 0.058, 0.084
1495, Tim Duncan, 1610612759, SAS, 77, 53, 24, 28.9, 57.9, 6.5, 1.2, 3.0, 0.415, 0.7, 1.1, 0.695, 3.3, 0.509, 1.9, 0.294, 0.4, 0.066, 0.3, 0.048, 0.085
204025, Tim Frazier, 1610612757, POR, 11, 3, 8, 21.8, 55.1, 0.1, 0.0, 0.0, 0.0, 0.0, 0.0, 0.0, 0.0, 0.0, 0.1, 1.0, 0.0, 0.0, 0.0, 0.0, 0.0
203501, Tim Hardaway Jr., 1610612752, NYK, 69, 16, 53, 24.0, 45.5, 0.2, 0.0, 0.1, 0.143, 0.0, 0.0, 1.0, 0.1, 0.333, 0.0, 0.167, 0.0, 0.083, 0.0, 0.083, 0.083
202389, Timofey Mozgov, 1610612739, CLE, 81, 49, 32, 25.3, 35.4, 2.0, 0.5, 1.1, 0.442, 0.2, 0.3, 0.773, 1.2, 0.58, 0.5, 0.253, 0.0, 0.012, 0.2, 0.105, 0.068
202699, Tobias Harris, 1610612753, ORL, 68, 20, 48, 34.8, 54.6, 2.7, 0.6, 1.4, 0.426, 0.4, 0.5, 0.813, 1.6, 0.6, 0.6, 0.232, 0.2, 0.059, 0.2, 0.065, 0.086
201962, Toney Douglas, 1610612740, NOP, 12, 7, 5, 14.7, 22.9, 0.0, 0.0, 0.0, 0.0, 0.0, 0.0, 0.0, 0.0, 0.0, 0.0, 0.0, 0.0, 0.0, 0.0, 0.0, 0.0
2754, Tony Allen, 1610612763, MEM, 63, 46, 17, 26.2, 29.7, 0.1, 0.0, 0.1, 0.4, 0.0, 0.0, 0.5, 0.1, 0.625, 0.0, 0.125, 0.0, 0.0, 0.0, 0.0, 0.125
2225, Tony Parker, 1610612759, SAS, 68, 48, 20, 28.7, 72.3, 0.2, 0.0, 0.1, 0.2, 0.0, 0.0, 0.0, 0.0, 0.167, 0.0, 0.25, 0.0, 0.167, 0.0, 0.083, 0.0
203503, Tony Snell, 1610612741, CHI, 72, 43, 29, 19.6, 21.9, 0.0, 0.0, 0.0, 0.0, 0.0, 0.0, 0.0, 0.0, 0.0, 0.0, 0.0, 0.0, 0.0, 0.0, 0.0, 0.0
203100, Tony Wroten, 1610612755, PHI, 30, 4, 26, 29.8, 77.5, 0.0, 0.0, 0.0, 0.0, 0.0, 0.0, 0.0, 0.0, 0.0, 0.0, 0.0, 0.0, 0.0, 0.0, 0.0, 0.0
203315, Toure' Murry, 1610612762, UTA, 5, 3, 2, 3.6, 6.8, 0.0, 0.0, 0.0, 0.0, 0.0, 0.0, 0.0, 0.0, 0.0, 0.0, 0.0, 0.0, 0.0, 0.0, 0.0, 0.0
204037, Travis Wear, 1610612752, NYK, 50, 7, 43, 13.0, 22.0, 0.5, 0.0, 0.2, 0.182, 0.0, 0.0, 1.0, 0.1, 0.222, 0.2, 0.37, 0.1, 0.148, 0.0, 0.037, 0.037
2772, Trevor Ariza, 1610612745, HOU, 81, 55, 26, 35.8, 55.1, 0.2, 0.0, 0.1, 0.5, 0.0, 0.0, 1.0, 0.1, 0.5, 0.1, 0.5, 0.0, 0.0, 0.0, 0.063, 0.063
202344, Trevor Booker, 1610612762, UTA, 79, 37, 42, 19.8, 43.9, 1.3, 0.2, 0.4, 0.563, 0.0, 0.1, 0.333, 0.5, 0.369, 0.7, 0.534, 0.1, 0.087, 0.0, 0.019, 0.029
203504, Trey Burke, 1610612762, UTA, 76, 35, 41, 30.1, 77.3, 0.0, 0.0, 0.0, 0.0, 0.0, 0.0, 0.0, 0.0, 0.0, 0.0, 1.0, 0.0, 0.0, 0.0, 0.0, 0.0
202684, Tristan Thompson, 1610612739, CLE, 81, 53, 28, 26.8, 32.3, 0.8, 0.2, 0.4, 0.433, 0.1, 0.2, 0.429, 0.4, 0.485, 0.2, 0.25, 0.1, 0.088, 0.0, 0.059, 0.103
203584, Troy Daniels, 1610612766, CHA, 46, 14, 32, 8.5, 12.3, 0.0, 0.0, 0.0, 0.0, 0.0, 0.0, 0.0, 0.0, 0.0, 0.0, 0.5, 0.0, 0.0, 0.0, 0.0, 0.0
201951, Ty Lawson, 1610612743, DEN, 75, 29, 46, 35.5, 82.7, 0.1, 0.0, 0.0, 0.0, 0.0, 0.0, 0.0, 0.0, 0.0, 0.1, 0.75, 0.0, 0.125, 0.0, 0.0, 0.0
203898, Tyler Ennis, 1610612749, MIL, 33, 11, 22, 12.5, 28.7, 0.0, 0.0, 0.0, 0.0, 0.0, 0.0, 0.0, 0.0, 0.0, 0.0, 0.0, 0.0, 0.0, 0.0, 0.0, 0.0
201946, Tyler Hansbrough, 1610612761, TOR, 74, 45, 29, 14.3, 14.4, 0.1, 0.0, 0.0, 0.333, 0.0, 0.0, 0.0, 0.0, 0.2, 0.1, 0.5, 0.0, 0.1, 0.0, 0.0, 0.0
204020, Tyler Johnson, 1610612748, MIA, 32, 15, 17, 18.8, 30.6, 0.0, 0.0, 0.0, 0.0, 0.0, 0.0, 0.0, 0.0, 0.0, 0.0, 1.0, 0.0, 0.0, 0.0, 0.0, 0.0
203092, Tyler Zeller, 1610612738, BOS, 82, 40, 42, 21.1, 32.6, 1.8, 0.4, 1.0, 0.424, 0.1, 0.1, 1.0, 1.0, 0.568, 0.4, 0.247, 0.0, 0.014, 0.1, 0.075, 0.034
201936, Tyreke Evans, 1610612740, NOP, 79, 43, 36, 34.0, 74.6, 1.1, 0.3, 0.5, 0.585, 0.1, 0.1, 1.0, 0.7, 0.629, 0.4, 0.371, 0.1, 0.09, 0.0, 0.022, 0.034
200748, Tyrus Thomas, 1610612763, MEM, 2, 2, 0, 3.3, 3.5, 0.0, 0.0, 0.0, 0.0, 0.0, 0.0, 0.0, 0.0, 0.0, 0.0, 0.0, 0.0, 0.0, 0.0, 0.0, 0.0
2199, Tyson Chandler, 1610612742, DAL, 75, 47, 28, 30.5, 38.3, 0.3, 0.0, 0.1, 0.25, 0.0, 0.0, 0.5, 0.0, 0.136, 0.2, 0.636, 0.0, 0.045, 0.0, 0.0, 0.045
2617, Udonis Haslem, 1610612748, MIA, 61, 30, 31, 16.1, 25.8, 0.3, 0.0, 0.1, 0.25, 0.0, 0.0, 1.0, 0.1, 0.222, 0.1, 0.5, 0.0, 0.056, 0.0, 0.056, 0.056
203505, Vander Blue, 1610612747, LAL, 2, 0, 2, 36.9, 59.5, 0.0, 0.0, 0.0, 0.0, 0.0, 0.0, 0.0, 0.0, 0.0, 0.0, 0.0, 0.0, 0.0, 0.0, 0.0, 0.0
201964, Victor Claver, 1610612757, POR, 10, 6, 4, 7.6, 11.0, 0.0, 0.0, 0.0, 0.0, 0.0, 0.0, 0.0, 0.0, 0.0, 0.0, 0.0, 0.0, 0.0, 0.0, 0.0, 0.0
203506, Victor Oladipo, 1610612753, ORL, 72, 22, 50, 35.7, 64.8, 0.1, 0.0, 0.0, 0.333, 0.0, 0.0, 0.0, 0.0, 0.2, 0.1, 0.5, 0.0, 0.1, 0.0, 0.1, 0.0
1713, Vince Carter, 1610612763, MEM, 66, 45, 21, 16.5, 25.6, 0.4, 0.1, 0.2, 0.4, 0.0, 0.0, 0.0, 0.2, 0.429, 0.1, 0.321, 0.0, 0.0, 0.0, 0.036, 0.0
201961, Wayne Ellington, 1610612747, LAL, 65, 18, 47, 25.8, 31.0, 0.0, 0.0, 0.0, 1.0, 0.0, 0.0, 0.0, 0.0, 0.667, 0.0, 0.333, 0.0, 0.0, 0.0, 0.333, 0.0
202325, Wesley Johnson, 1610612747, LAL, 76, 20, 56, 29.5, 33.9, 0.5, 0.1, 0.3, 0.524, 0.1, 0.1, 1.0, 0.4, 0.757, 0.1, 0.243, 0.0, 0.027, 0.0, 0.027, 0.054
202083, Wesley Matthews, 1610612757, POR, 60, 41, 19, 33.7, 49.1, 3.6, 0.8, 1.6, 0.495, 0.4, 0.5, 0.781, 2.0, 0.546, 1.2, 0.33, 0.2, 0.064, 0.2, 0.05, 0.078
203115, Will Barton, 1610612743, DEN, 58, 30, 28, 17.0, 26.2, 0.1, 0.0, 0.0, 0.0, 0.0, 0.0, 1.0, 0.0, 0.4, 0.0, 0.4, 0.0, 0.0, 0.0, 0.2, 0.2
101198, Will Bynum, 1610612764, WAS, 7, 4, 3, 9.5, 23.9, 0.0, 0.0, 0.0, 0.0, 0.0, 0.0, 0.0, 0.0, 0.0, 0.0, 0.0, 0.0, 0.0, 0.0, 0.0, 0.0
203805, Will Cherry, 1610612761, TOR, 8, 6, 2, 8.7, 18.3, 0.0, 0.0, 0.0, 0.0, 0.0, 0.0, 0.0, 0.0, 0.0, 0.0, 0.0, 0.0, 0.0, 0.0, 0.0, 0.0
2584, Willie Green, 1610612753, ORL, 52, 15, 37, 18.3, 25.3, 0.0, 0.0, 0.0, 0.0, 0.0, 0.0, 0.0, 0.0, 0.0, 0.0, 0.5, 0.0, 0.0, 0.0, 0.0, 0.0
201163, Wilson Chandler, 1610612743, DEN, 78, 28, 50, 31.7, 46.6, 0.9, 0.2, 0.4, 0.531, 0.1, 0.1, 0.833, 0.5, 0.548, 0.3, 0.315, 0.1, 0.055, 0.1, 0.068, 0.055
202333, Xavier Henry, 1610612747, LAL, 9, 1, 8, 9.5, 9.2, 0.0, 0.0, 0.0, 0.0, 0.0, 0.0, 0.0, 0.0, 0.0, 0.0, 0.0, 0.0, 0.0, 0.0, 0.0, 0.0
203897, Zach LaVine, 1610612750, MIN, 76, 15, 61, 24.6, 56.5, 0.0, 0.0, 0.0, 0.0, 0.0, 0.0, 0.0, 0.0, 0.0, 0.0, 0.0, 0.0, 0.0, 0.0, 1.0, 0.0
2216, Zach Randolph, 1610612763, MEM, 71, 51, 20, 32.4, 53.5, 12.7, 2.7, 6.2, 0.442, 1.1, 1.5, 0.769, 6.7, 0.529, 3.8, 0.297, 0.9, 0.073, 0.6, 0.05, 0.058
2585, Zaza Pachulia, 1610612749, MIL, 72, 33, 39, 23.6, 36.3, 2.2, 0.3, 0.7, 0.392, 0.0, 0.1, 0.5, 0.7, 0.298, 1.1, 0.491, 0.2, 0.068, 0.2, 0.093, 0.019
204054, Zoran Dragic, 1610612748, MIA, 16, 6, 10, 4.7, 6.5, 0.0, 0.0, 0.0, 0.0, 0.0, 0.0, 0.0, 0.0, 0.0, 0.0, 0.0, 0.0, 0.0, 0.0, 0.0, 0.0
